DateTime,Global_active_power,Global_reactive_power,Voltage,Global_intensity,Sub_metering_1,Sub_metering_2,Sub_metering_3,sub_metering_remainder,RR,NBJRR1,NBJRR5,NBJRR10,NBJBROU
2006-12-16,1209.176,34.922,236.24376,13.082828,0.0,546.0,4926.0,14680.934,63.75,9.333,5.667,2.167,0.167
2006-12-17,3390.46,226.006,240.08702,9.999027,2033.0,4187.0,13341.0,36946.668,63.75,9.333,5.667,2.167,0.167
2006-12-18,2203.826,161.792,241.23169,6.4216666,1063.0,2621.0,14018.0,19028.434,63.75,9.333,5.667,2.167,0.167
2006-12-19,1666.194,150.942,241.9993,4.9263887,839.0,7602.0,6197.0,13131.9,63.75,9.333,5.667,2.167,0.167
2006-12-20,2225.748,160.998,242.30807,6.467361,0.0,2648.0,14063.0,20384.8,63.75,9.333,5.667,2.167,0.167
2006-12-21,1717.112,144.166,241.04227,5.0281944,1765.0,2623.0,10421.0,13809.533,63.75,9.333,5.667,2.167,0.167
2006-12-22,2341.338,186.906,241.18456,6.8729167,3151.0,350.0,11131.0,24390.3,63.75,9.333,5.667,2.167,0.167
2006-12-23,4773.386,221.47,240.13606,14.028056,2669.0,425.0,14726.0,61736.434,63.75,9.333,5.667,2.167,0.167
2006-12-24,2550.012,149.9,241.68744,7.6404166,1703.0,5082.0,6891.0,28824.2,63.75,9.333,5.667,2.167,0.167
2006-12-25,2743.12,240.28,243.39993,7.951528,6620.0,1962.0,5795.0,31341.666,63.75,9.333,5.667,2.167,0.167
2006-12-26,3934.11,165.102,241.62543,11.347917,1086.0,2533.0,14979.0,46970.5,63.75,9.333,5.667,2.167,0.167
2006-12-27,1528.76,178.90201,243.76736,4.5175,0.0,314.0,6976.0,18189.334,63.75,9.333,5.667,2.167,0.167
2006-12-28,2072.638,208.876,243.26834,6.0862503,2207.0,4419.0,9176.0,18741.967,63.75,9.333,5.667,2.167,0.167
2006-12-29,3174.392,196.394,240.8713,9.271389,1252.0,5162.0,11329.0,35163.535,63.75,9.333,5.667,2.167,0.167
2006-12-30,2801.738,312.756,240.53633,8.317083,3148.0,7929.0,12516.0,23102.633,63.75,9.333,5.667,2.167,0.167
2006-12-31,3494.196,150.852,239.89658,10.199584,0.0,347.0,6502.0,51387.6,63.75,9.333,5.667,2.167,0.167
2007-01-01,2749.004,148.166,240.12897,7.9169445,0.0,352.0,5880.0,39584.734,28.36,10.2,0.6,0.0,0.0
2007-01-02,1269.236,190.342,241.94377,3.714028,0.0,348.0,6562.0,14243.934,28.36,10.2,0.6,0.0,0.0
2007-01-03,1014.054,196.728,243.5571,3.0140278,0.0,344.0,4765.0,11791.9,28.36,10.2,0.6,0.0,0.0
2007-01-04,3259.412,202.302,239.7503,9.478194,1051.0,7597.0,10896.0,34779.535,28.36,10.2,0.6,0.0,0.0
2007-01-05,2713.364,173.154,240.49577,7.8851385,1483.0,379.0,7602.0,35758.734,28.36,10.2,0.6,0.0,0.0
2007-01-06,1508.378,192.188,239.67305,4.543889,1336.0,402.0,5678.0,17723.633,28.36,10.2,0.6,0.0,0.0
2007-01-07,2447.62,246.074,240.9025,7.282639,1987.0,8177.0,12810.0,17819.666,28.36,10.2,0.6,0.0,0.0
2007-01-08,2241.36,207.568,239.57695,6.5516667,0.0,467.0,17547.0,19342.0,28.36,10.2,0.6,0.0,0.0
2007-01-09,1869.054,207.248,240.48752,5.521111,1688.0,4267.0,9790.0,15405.9,28.36,10.2,0.6,0.0,0.0
2007-01-10,2154.8,228.452,241.02745,6.357778,771.0,4456.0,11012.0,19674.334,28.36,10.2,0.6,0.0,0.0
2007-01-11,2255.194,230.02,241.15569,6.6583333,1378.0,2170.0,12415.0,21623.566,28.36,10.2,0.6,0.0,0.0
2007-01-12,1461.296,199.14,241.53822,4.309167,0.0,439.0,8276.0,15639.934,28.36,10.2,0.6,0.0,0.0
2007-01-13,3186.814,290.736,239.28362,9.453055,7806.0,2975.0,11341.0,30991.566,28.36,10.2,0.6,0.0,0.0
2007-01-14,3011.038,227.432,238.81801,8.971666,1777.0,4215.0,12991.0,31200.967,28.36,10.2,0.6,0.0,0.0
2007-01-15,2148.678,174.86,241.2409,6.2615275,1099.0,2239.0,15163.0,17310.3,28.36,10.2,0.6,0.0,0.0
2007-01-16,1686.404,185.428,241.94475,4.975972,2063.0,644.0,6583.0,18816.732,28.36,10.2,0.6,0.0,0.0
2007-01-17,2847.688,200.752,241.00525,8.283889,3500.0,5737.0,16064.0,22160.467,28.36,10.2,0.6,0.0,0.0
2007-01-18,1821.462,177.712,240.8936,5.3425,0.0,336.0,13491.0,16530.7,28.36,10.2,0.6,0.0,0.0
2007-01-19,1480.44,170.052,240.16093,4.37625,2103.0,330.0,7172.0,15069.0,28.36,10.2,0.6,0.0,0.0
2007-01-20,3133.732,238.362,238.86746,9.348056,4324.0,5222.0,11440.0,31242.867,28.36,10.2,0.6,0.0,0.0
2007-01-21,3407.262,229.73601,238.96812,10.190694,10346.0,5567.0,11599.0,29275.7,28.36,10.2,0.6,0.0,0.0
2007-01-22,2180.494,168.642,241.60312,6.3552775,1054.0,2983.0,11361.0,20943.566,28.36,10.2,0.6,0.0,0.0
2007-01-23,1777.64,138.28,242.76256,5.2608333,0.0,1064.0,5061.0,23502.334,28.36,10.2,0.6,0.0,0.0
2007-01-24,2987.854,178.06,241.4577,8.733611,3464.0,2480.0,11744.0,32109.566,28.36,10.2,0.6,0.0,0.0
2007-01-25,1596.344,144.16,243.42438,4.629306,1158.0,262.0,11239.0,13946.733,28.36,10.2,0.6,0.0,0.0
2007-01-26,1617.972,142.902,242.77179,4.721389,1163.0,261.0,8238.0,17304.2,28.36,10.2,0.6,0.0,0.0
2007-01-27,2044.072,148.242,241.61658,5.949861,1170.0,3896.0,12374.0,16627.867,28.36,10.2,0.6,0.0,0.0
2007-01-28,3092.35,153.606,240.30212,9.133612,3466.0,3997.0,12062.0,32014.166,28.36,10.2,0.6,0.0,0.0
2007-01-29,1982.664,165.696,240.9296,5.788889,1123.0,294.0,15254.0,16373.4,28.36,10.2,0.6,0.0,0.0
2007-01-30,1707.798,180.934,241.84088,5.0281944,1123.0,1424.0,8149.0,17767.3,28.36,10.2,0.6,0.0,0.0
2007-01-31,2363.752,185.988,239.92114,6.923611,0.0,5950.0,15052.0,18393.867,28.36,10.2,0.6,0.0,0.0
2007-02-01,1824.76,150.264,240.39215,5.3325,1170.0,386.0,13145.0,15711.667,84.117,13.333,6.5,3.0,0.0
2007-02-02,1667.736,139.542,240.3344,4.8708334,0.0,356.0,11338.0,16101.6,84.117,13.333,6.5,3.0,0.0
2007-02-03,4029.722,245.824,238.9102,11.815972,4746.0,4573.0,17834.0,40009.035,84.117,13.333,6.5,3.0,0.0
2007-02-04,3595.94,186.494,239.63333,10.565416,3391.0,4597.0,14472.0,37472.332,84.117,13.333,6.5,3.0,0.0
2007-02-05,1645.28,147.228,240.8103,4.8204165,896.0,2564.0,7849.0,16112.333,84.117,13.333,6.5,3.0,0.0
2007-02-06,1273.48,142.566,241.26414,3.7719445,1185.0,405.0,4517.0,15117.667,84.117,13.333,6.5,3.0,0.0
2007-02-07,2328.018,177.70801,241.14969,6.7916665,3299.0,3513.0,11986.0,20002.3,84.117,13.333,6.5,3.0,0.0
2007-02-08,1801.4141,138.896,241.7973,5.2483335,2226.0,366.0,10157.0,17274.566,84.117,13.333,6.5,3.0,0.0
2007-02-09,1620.198,158.066,241.74045,4.7272224,0.0,3045.0,9770.0,14188.3,84.117,13.333,6.5,3.0,0.0
2007-02-10,2829.328,192.974,240.03683,8.30375,5071.0,2831.0,14405.0,24848.467,84.117,13.333,6.5,3.0,0.0
2007-02-11,3571.228,204.314,239.50613,10.526805,2430.0,4765.0,13114.0,39211.465,84.117,13.333,6.5,3.0,0.0
2007-02-12,1877.61,136.704,240.0985,5.5034723,2227.0,399.0,11517.0,17150.5,84.117,13.333,6.5,3.0,0.0
2007-02-13,1414.546,134.678,241.16685,4.14375,0.0,2828.0,6256.0,14491.767,84.117,13.333,6.5,3.0,0.0
2007-02-14,2498.672,202.506,240.3754,7.315139,3295.0,3793.0,11579.0,22977.533,84.117,13.333,6.5,3.0,0.0
2007-02-15,1985.346,165.964,240.66922,5.8202777,0.0,2363.0,14028.0,16698.1,84.117,13.333,6.5,3.0,0.0
2007-02-16,1702.528,151.686,240.82094,5.046528,1148.0,859.0,8689.0,17679.467,84.117,13.333,6.5,3.0,0.0
2007-02-17,2076.912,238.968,239.31604,6.1291666,1765.0,2226.0,7157.0,23467.2,84.117,13.333,6.5,3.0,0.0
2007-02-18,3829.762,255.522,239.1708,11.238889,6107.0,8003.0,13129.0,36590.367,84.117,13.333,6.5,3.0,0.0
2007-02-19,2186.614,176.584,239.78958,6.442222,1634.0,2900.0,13085.0,18824.566,84.117,13.333,6.5,3.0,0.0
2007-02-20,3149.928,187.158,239.86545,9.168472,2058.0,5191.0,9713.0,35536.8,84.117,13.333,6.5,3.0,0.0
2007-02-21,2072.874,189.87,240.46095,6.074445,3527.0,2332.0,11548.0,17140.9,84.117,13.333,6.5,3.0,0.0
2007-02-22,3375.57,138.074,238.62021,9.874861,1409.0,4129.0,12285.0,38436.5,84.117,13.333,6.5,3.0,0.0
2007-02-23,1313.48,149.344,240.68596,3.8254168,0.0,503.0,10786.0,10602.333,84.117,13.333,6.5,3.0,0.0
2007-02-24,714.922,122.202,239.86311,2.0858333,0.0,363.0,3562.0,7990.3667,84.117,13.333,6.5,3.0,0.0
2007-02-25,501.74,113.736,241.68155,1.4622223,0.0,329.0,1660.0,6373.3335,84.117,13.333,6.5,3.0,0.0
2007-02-26,568.484,108.28,241.27359,1.6588889,0.0,331.0,2830.0,6313.7334,84.117,13.333,6.5,3.0,0.0
2007-02-27,518.112,113.204,242.94427,1.5245832,0.0,314.0,1924.0,6397.2,84.117,13.333,6.5,3.0,0.0
2007-02-28,520.774,113.372,242.15959,1.5284722,0.0,340.0,1973.0,6366.567,84.117,13.333,6.5,3.0,0.0
2007-03-01,517.564,107.628,241.3214,1.508889,0.0,316.0,1980.0,6330.067,43.217,12.833,2.667,0.0,0.0
2007-03-02,515.688,107.008,240.5916,1.5068055,0.0,340.0,1969.0,6285.8,43.217,12.833,2.667,0.0,0.0
2007-03-03,819.122,134.992,241.28809,2.4011111,0.0,347.0,4597.0,8708.033,43.217,12.833,2.667,0.0,0.0
2007-03-04,2090.7,175.682,240.0298,6.1581945,1476.0,8711.0,9408.0,15250.0,43.217,12.833,2.667,0.0,0.0
2007-03-05,2660.332,205.956,240.0309,7.8402777,5727.0,12109.0,10026.0,16476.867,43.217,12.833,2.667,0.0,0.0
2007-03-06,1246.5,186.148,240.98807,3.6956942,0.0,1740.0,4700.0,14335.0,43.217,12.833,2.667,0.0,0.0
2007-03-07,2375.206,171.2,240.32356,6.9350004,1076.0,4761.0,15513.0,18236.768,43.217,12.833,2.667,0.0,0.0
2007-03-08,1572.132,187.404,240.66544,4.6651387,2180.0,3385.0,6655.0,13982.2,43.217,12.833,2.667,0.0,0.0
2007-03-09,1272.6119,119.238,240.88846,3.73125,1093.0,345.0,8631.0,11141.2,43.217,12.833,2.667,0.0,0.0
2007-03-10,2484.712,243.528,239.80284,7.3419447,4130.0,5422.0,10979.0,20880.867,43.217,12.833,2.667,0.0,0.0
2007-03-11,3480.636,173.37401,240.0073,10.121528,4810.0,3420.0,9500.0,40280.6,43.217,12.833,2.667,0.0,0.0
2007-03-12,1950.668,134.422,240.55873,5.728472,1403.0,2841.0,12353.0,15914.134,43.217,12.833,2.667,0.0,0.0
2007-03-13,1290.144,126.718,240.89796,3.8056946,1350.0,3859.0,5323.0,10970.4,43.217,12.833,2.667,0.0,0.0
2007-03-14,1793.364,157.522,240.7773,5.2675,3485.0,480.0,8607.0,17317.4,43.217,12.833,2.667,0.0,0.0
2007-03-15,1884.814,159.326,240.28049,5.5231943,0.0,3263.0,11036.0,17114.566,43.217,12.833,2.667,0.0,0.0
2007-03-16,1702.054,130.20801,239.52713,4.992361,1106.0,4604.0,5370.0,17287.566,43.217,12.833,2.667,0.0,0.0
2007-03-17,2028.09,127.068,238.22466,5.946111,2208.0,359.0,12275.0,18959.5,43.217,12.833,2.667,0.0,0.0
2007-03-18,2371.046,241.45,241.04784,7.007917,6564.0,7369.0,5856.0,19728.434,43.217,12.833,2.667,0.0,0.0
2007-03-19,2152.518,144.764,240.49709,6.2819443,1648.0,2686.0,14118.0,17423.3,43.217,12.833,2.667,0.0,0.0
2007-03-20,2086.228,164.87,240.81564,6.15125,3745.0,2837.0,11255.0,16933.467,43.217,12.833,2.667,0.0,0.0
2007-03-21,2142.092,142.83,240.98665,6.2372217,1865.0,4133.0,12335.0,17368.533,43.217,12.833,2.667,0.0,0.0
2007-03-22,1454.978,113.826,241.76352,4.223056,353.0,736.0,10462.0,12698.634,43.217,12.833,2.667,0.0,0.0
2007-03-23,1309.008,119.488,241.6455,3.80375,1127.0,777.0,8369.0,11543.8,43.217,12.833,2.667,0.0,0.0
2007-03-24,2968.43,191.024,239.70447,8.703333,3707.0,5797.0,16382.0,23587.834,43.217,12.833,2.667,0.0,0.0
2007-03-25,3336.506,236.1,240.0348,9.716666,4630.0,3600.0,9358.0,38020.434,43.217,12.833,2.667,0.0,0.0
2007-03-26,1416.082,160.966,241.3368,4.1830554,1088.0,344.0,9096.0,13073.366,43.217,12.833,2.667,0.0,0.0
2007-03-27,1105.14,151.726,240.60197,3.2965279,0.0,3019.0,3697.0,11703.0,43.217,12.833,2.667,0.0,0.0
2007-03-28,2333.898,196.518,240.44461,6.8545833,1122.0,8527.0,13888.0,15361.3,43.217,12.833,2.667,0.0,0.0
2007-03-29,1590.406,198.696,240.5367,4.6768055,1162.0,460.0,10724.0,14160.767,43.217,12.833,2.667,0.0,0.0
2007-03-30,1402.394,181.128,241.03923,4.1895833,1094.0,468.0,8217.0,13594.233,43.217,12.833,2.667,0.0,0.0
2007-03-31,3509.51,231.504,239.26076,10.264723,2620.0,7707.0,17682.0,30482.834,43.217,12.833,2.667,0.0,0.0
2007-04-01,2785.952,202.552,240.02448,8.149445,4629.0,5401.0,19509.0,16893.533,10.567,1.0,0.833,0.667,0.0
2007-04-02,1960.778,174.336,240.46011,5.712639,1755.0,970.0,16641.0,13313.634,10.567,1.0,0.833,0.667,0.0
2007-04-03,1642.82,168.76,240.50494,4.84625,3630.0,1042.0,7637.0,15071.333,10.567,1.0,0.833,0.667,0.0
2007-04-04,2051.868,172.318,240.33179,5.98625,3434.0,420.0,14748.0,15595.8,10.567,1.0,0.833,0.667,0.0
2007-04-05,1844.078,244.538,241.17311,5.4915276,1086.0,4277.0,10523.0,14848.634,10.567,1.0,0.833,0.667,0.0
2007-04-06,1601.14,143.214,241.18446,4.688611,0.0,5466.0,9166.0,12053.667,10.567,1.0,0.833,0.667,0.0
2007-04-07,1553.924,138.73,240.37859,4.5645833,1127.0,3111.0,5923.0,15737.733,10.567,1.0,0.833,0.667,0.0
2007-04-08,1608.816,135.882,240.34918,4.719861,0.0,485.0,3545.0,22783.6,10.567,1.0,0.833,0.667,0.0
2007-04-09,1000.92,160.11,240.55048,2.9745831,2667.0,514.0,3801.0,9700.0,10.567,1.0,0.833,0.667,0.0
2007-04-10,777.364,148.94,240.81369,2.347361,209.0,742.0,2572.0,9433.066,10.567,1.0,0.833,0.667,0.0
2007-04-11,887.482,192.446,241.15482,2.61875,0.0,1112.0,6421.0,7258.3667,10.567,1.0,0.833,0.667,0.0
2007-04-12,537.706,147.812,240.25606,1.5979167,0.0,541.0,1818.0,6602.7666,10.567,1.0,0.833,0.667,0.0
2007-04-13,551.022,151.64,240.05048,1.6433333,0.0,558.0,1988.0,6637.7,10.567,1.0,0.833,0.667,0.0
2007-04-14,554.268,155.61,240.31316,1.6513889,0.0,578.0,2008.0,6651.8,10.567,1.0,0.833,0.667,0.0
2007-04-15,726.164,171.544,240.2367,2.1865277,0.0,1026.0,2893.0,8183.7334,10.567,1.0,0.833,0.667,0.0
2007-04-16,952.39,186.074,240.65714,2.8725,952.0,1305.0,4656.0,8960.167,10.567,1.0,0.833,0.667,0.0
2007-04-17,1223.734,218.354,240.19566,3.690833,1532.0,389.0,6199.0,12275.566,10.567,1.0,0.833,0.667,0.0
2007-04-18,998.246,165.224,240.14679,2.9954166,1579.0,355.0,3430.0,11273.434,10.567,1.0,0.833,0.667,0.0
2007-04-19,1028.658,149.66,240.42984,3.0558333,733.0,1605.0,5748.0,9058.3,10.567,1.0,0.833,0.667,0.0
2007-04-20,822.58,145.646,240.1329,2.4948611,1069.0,360.0,3499.0,8781.667,10.567,1.0,0.833,0.667,0.0
2007-04-21,1673.656,212.658,239.21324,5.0356946,6575.0,463.0,11129.0,9727.267,10.567,1.0,0.833,0.667,0.0
2007-04-22,2233.714,267.194,239.60887,6.6884723,4264.0,2287.0,11102.0,19575.566,10.567,1.0,0.833,0.667,0.0
2007-04-23,1054.566,135.64,237.23566,3.2641666,1402.0,506.0,6005.0,9663.1,10.567,1.0,0.833,0.667,0.0
2007-04-24,1032.1,135.264,235.34492,3.1448612,1125.0,527.0,6680.0,8869.667,10.567,1.0,0.833,0.667,0.0
2007-04-25,1264.162,164.73601,234.9411,3.8580556,0.0,1469.0,8812.0,10788.366,10.567,1.0,0.833,0.667,0.0
2007-04-26,1275.466,163.606,234.78731,3.9237502,1324.0,1845.0,7163.0,10925.767,10.567,1.0,0.833,0.667,0.0
2007-04-27,1094.332,161.928,235.21617,3.3125,1772.0,545.0,4756.0,11165.866,10.567,1.0,0.833,0.667,0.0
2007-04-28,720.88605,298.012,236.20714,2.2355554,0.0,18.0,0.0,11996.767,10.567,1.0,0.833,0.667,0.0
2007-04-29,708.48004,299.52002,236.23999,2.2,0.0,0.0,0.0,11808.0,10.567,1.0,0.833,0.667,0.0
2007-04-30,845.91003,251.43001,235.69202,2.6156945,1214.0,500.0,1131.0,11253.5,10.567,1.0,0.833,0.667,0.0
2007-05-01,1663.858,181.608,234.67871,5.0733333,4005.0,995.0,8546.0,14184.967,81.367,13.0,6.667,2.333,0.0
2007-05-02,1003.486,160.092,235.58208,3.1415277,7.0,1490.0,3754.0,11473.767,81.367,13.0,6.667,2.333,0.0
2007-05-03,1090.238,150.942,235.1349,3.307639,1906.0,1725.0,7836.0,6703.6333,81.367,13.0,6.667,2.333,0.0
2007-05-04,998.128,174.74,235.7102,3.0780554,2259.0,538.0,3990.0,9848.467,81.367,13.0,6.667,2.333,0.0
2007-05-05,1563.052,174.102,235.03502,4.736111,2913.0,2493.0,11303.0,9341.866,81.367,13.0,6.667,2.333,0.0
2007-05-06,2102.104,182.336,234.40965,6.4090276,3215.0,949.0,10095.0,20776.066,81.367,13.0,6.667,2.333,0.0
2007-05-07,1643.664,168.918,234.53697,4.9809723,946.0,4935.0,9433.0,12080.4,81.367,13.0,6.667,2.333,0.0
2007-05-08,1789.292,181.612,234.90623,5.356389,4581.0,2011.0,8777.0,14452.533,81.367,13.0,6.667,2.333,0.0
2007-05-09,1665.736,183.484,234.87372,5.056111,3018.0,5631.0,9474.0,9639.267,81.367,13.0,6.667,2.333,0.0
2007-05-10,707.884,168.314,235.79626,2.2068057,946.0,534.0,3261.0,7057.067,81.367,13.0,6.667,2.333,0.0
2007-05-11,979.154,132.096,235.22975,3.0276387,926.0,491.0,6471.0,8431.233,81.367,13.0,6.667,2.333,0.0
2007-05-12,1441.566,209.172,234.7229,4.3605556,2247.0,1075.0,10408.0,10296.1,81.367,13.0,6.667,2.333,0.0
2007-05-13,1634.738,220.67,235.70871,4.9691668,3612.0,2414.0,8958.0,12261.634,81.367,13.0,6.667,2.333,0.0
2007-05-14,1467.782,298.552,235.69006,4.5741663,3176.0,2417.0,5517.0,13353.033,81.367,13.0,6.667,2.333,0.0
2007-05-15,904.392,111.182,235.612,2.7333333,0.0,408.0,5318.0,9347.2,81.367,13.0,6.667,2.333,0.0
2007-05-16,1692.944,135.894,235.2608,5.0718055,2213.0,5756.0,9077.0,11169.733,81.367,13.0,6.667,2.333,0.0
2007-05-17,1231.816,131.188,235.86847,3.7209723,1014.0,2073.0,7687.0,9756.267,81.367,13.0,6.667,2.333,0.0
2007-05-18,1631.53,171.258,235.9946,4.8766665,3270.0,3913.0,8116.0,11893.167,81.367,13.0,6.667,2.333,0.0
2007-05-19,1429.442,167.858,234.94473,4.3193054,4683.0,530.0,7022.0,11589.033,81.367,13.0,6.667,2.333,0.0
2007-05-20,1968.328,187.532,235.34811,5.941528,5420.0,1733.0,7611.0,18041.467,81.367,13.0,6.667,2.333,0.0
2007-05-21,1120.062,117.28,234.69191,3.3386111,0.0,468.0,9060.0,9139.7,81.367,13.0,6.667,2.333,0.0
2007-05-22,1132.852,128.916,235.48058,3.3998609,931.0,3966.0,3984.0,9999.866,81.367,13.0,6.667,2.333,0.0
2007-05-23,1464.936,165.878,234.8125,4.3975,956.0,3792.0,8119.0,11548.6,81.367,13.0,6.667,2.333,0.0
2007-05-24,1154.3881,135.56,235.54607,3.4620833,955.0,4116.0,4746.0,9422.8,81.367,13.0,6.667,2.333,0.0
2007-05-25,1614.22,174.588,234.4472,4.863472,8060.0,586.0,6539.0,11718.667,81.367,13.0,6.667,2.333,0.0
2007-05-26,1512.248,174.24,235.06989,4.5627775,2373.0,2754.0,8628.0,11449.134,81.367,13.0,6.667,2.333,0.0
2007-05-27,2153.808,219.894,234.90845,6.506528,4366.0,5534.0,10444.0,15552.8,81.367,13.0,6.667,2.333,0.0
2007-05-28,1637.468,151.1,234.90657,4.9219446,4554.0,473.0,9586.0,12678.134,81.367,13.0,6.667,2.333,0.0
2007-05-29,1061.34,113.244,235.69435,3.2072222,0.0,1907.0,4332.0,11450.0,81.367,13.0,6.667,2.333,0.0
2007-05-30,1609.866,147.058,234.8314,4.828472,2250.0,5948.0,7804.0,10829.1,81.367,13.0,6.667,2.333,0.0
2007-05-31,938.55,129.586,235.09653,2.7918055,935.0,477.0,3552.0,10678.5,81.367,13.0,6.667,2.333,0.0
2007-06-01,1045.374,143.42,235.32307,3.135,0.0,483.0,7664.0,9275.9,45.467,10.333,4.0,0.667,0.0
2007-06-02,1484.362,166.108,234.46902,4.4740276,3971.0,1250.0,7633.0,11885.366,45.467,10.333,4.0,0.667,0.0
2007-06-03,2108.026,182.45801,234.76237,6.3529167,4985.0,7529.0,8334.0,14285.767,45.467,10.333,4.0,0.667,0.0
2007-06-04,911.618,223.192,234.74806,2.8222222,1585.0,836.0,4533.0,8239.634,45.467,10.333,4.0,0.667,0.0
2007-06-05,1458.892,255.692,234.69278,4.465139,4484.0,1027.0,6448.0,12355.867,45.467,10.333,4.0,0.667,0.0
2007-06-06,1695.572,231.138,234.62144,5.110972,3330.0,829.0,11680.0,12420.533,45.467,10.333,4.0,0.667,0.0
2007-06-07,985.002,172.334,234.47879,2.982361,985.0,699.0,3959.0,10773.7,45.467,10.333,4.0,0.667,0.0
2007-06-08,2148.046,229.732,236.19743,6.4481945,2799.0,11440.0,11380.0,10181.767,45.467,10.333,4.0,0.667,0.0
2007-06-09,1093.02,230.73601,240.72414,3.2668056,852.0,599.0,6590.0,10176.0,45.467,10.333,4.0,0.667,0.0
2007-06-10,1340.812,239.092,240.8443,4.0056944,4202.0,1924.0,5983.0,10237.866,45.467,10.333,4.0,0.667,0.0
2007-06-11,794.654,194.634,240.85675,2.4179168,0.0,487.0,5328.0,7429.2334,45.467,10.333,4.0,0.667,0.0
2007-06-12,918.766,216.416,240.22488,2.858611,1882.0,475.0,3898.0,9057.767,45.467,10.333,4.0,0.667,0.0
2007-06-13,927.272,208.26,240.39761,2.8174999,957.0,857.0,5216.0,8424.533,45.467,10.333,4.0,0.667,0.0
2007-06-14,1259.084,231.696,239.8478,3.7833333,3322.0,2147.0,7054.0,8461.733,45.467,10.333,4.0,0.667,0.0
2007-06-15,989.604,251.762,240.46439,3.0662498,2269.0,4011.0,4547.0,5666.4,45.467,10.333,4.0,0.667,0.0
2007-06-16,2017.762,307.558,239.5017,5.975,3289.0,4498.0,11108.0,14734.366,45.467,10.333,4.0,0.667,0.0
2007-06-17,1947.09,239.814,240.21918,5.769305,4124.0,5038.0,8734.0,14555.5,45.467,10.333,4.0,0.667,0.0
2007-06-18,678.474,180.81,240.7762,2.07875,0.0,529.0,4241.0,6537.9,45.467,10.333,4.0,0.667,0.0
2007-06-19,845.2,188.166,240.26665,2.5652778,973.0,537.0,4391.0,8185.6665,45.467,10.333,4.0,0.667,0.0
2007-06-20,1074.286,227.302,240.15616,3.3068054,1761.0,2588.0,5106.0,8449.767,45.467,10.333,4.0,0.667,0.0
2007-06-21,806.946,222.546,240.57494,2.5008333,932.0,2400.0,3711.0,6406.1,45.467,10.333,4.0,0.667,0.0
2007-06-22,566.294,208.526,240.83563,1.8073611,0.0,951.0,3482.0,5005.2334,45.467,10.333,4.0,0.667,0.0
2007-06-23,477.566,193.12,240.31897,1.5356944,0.0,786.0,2402.0,4771.4336,45.467,10.333,4.0,0.667,0.0
2007-06-24,714.656,179.362,241.1322,2.207639,0.0,791.0,3449.0,7670.933,45.467,10.333,4.0,0.667,0.0
2007-06-25,1072.202,197.27,240.42227,3.25,1985.0,3621.0,4816.0,7448.033,45.467,10.333,4.0,0.667,0.0
2007-06-26,944.908,182.42,240.09451,2.8770833,971.0,1334.0,5231.0,8212.467,45.467,10.333,4.0,0.667,0.0
2007-06-27,1480.826,206.998,239.75842,4.429167,2603.0,6451.0,7270.0,8356.434,45.467,10.333,4.0,0.667,0.0
2007-06-28,1295.438,217.446,239.42368,3.8895833,0.0,4368.0,9541.0,7681.6333,45.467,10.333,4.0,0.667,0.0
2007-06-29,1304.442,206.194,240.17949,3.9405556,4363.0,667.0,6797.0,9913.7,45.467,10.333,4.0,0.667,0.0
2007-06-30,1335.314,188.354,240.01161,3.9715278,3049.0,792.0,8376.0,10038.233,45.467,10.333,4.0,0.667,0.0
2007-07-01,1026.664,172.448,240.06714,3.0806947,969.0,736.0,4690.0,10716.066,78.05,12.667,5.167,3.5,0.0
2007-07-02,967.032,176.924,240.67181,2.9277778,1018.0,5281.0,3445.0,6373.2,78.05,12.667,5.167,3.5,0.0
2007-07-03,1059.912,180.338,240.18694,3.2306945,467.0,3214.0,4695.0,9289.2,78.05,12.667,5.167,3.5,0.0
2007-07-04,1003.41,253.334,240.65964,3.0954165,2329.0,2218.0,5632.0,6544.5,78.05,12.667,5.167,3.5,0.0
2007-07-05,1057.29,246.716,240.44444,3.2331944,2922.0,770.0,3973.0,9956.5,78.05,12.667,5.167,3.5,0.0
2007-07-06,1069.524,219.35,240.59946,3.268611,2826.0,3563.0,4005.0,7431.4,78.05,12.667,5.167,3.5,0.0
2007-07-07,1358.206,214.044,239.91014,4.034861,997.0,3047.0,10177.0,8415.767,78.05,12.667,5.167,3.5,0.0
2007-07-08,1089.08,196.92,240.33888,3.2893057,1825.0,2831.0,5277.0,8218.333,78.05,12.667,5.167,3.5,0.0
2007-07-09,1180.158,172.422,240.61765,3.51625,923.0,594.0,9386.0,8766.3,78.05,12.667,5.167,3.5,0.0
2007-07-10,908.324,176.244,239.98305,2.786111,67.0,2227.0,4631.0,8213.733,78.05,12.667,5.167,3.5,0.0
2007-07-11,722.352,153.856,241.03003,2.1994443,1015.0,647.0,5284.0,5093.2,78.05,12.667,5.167,3.5,0.0
2007-07-12,1069.582,209.098,240.76463,3.233611,1029.0,2550.0,6419.0,7828.3667,78.05,12.667,5.167,3.5,0.0
2007-07-13,794.382,206.694,240.8548,2.4508333,0.0,633.0,4427.0,8179.7,78.05,12.667,5.167,3.5,0.0
2007-07-14,1288.17,258.45,241.29189,3.8940277,3775.0,1968.0,6604.0,9122.5,78.05,12.667,5.167,3.5,0.0
2007-07-15,1037.18,294.77,240.565,3.2301388,862.0,632.0,5585.0,10207.333,78.05,12.667,5.167,3.5,0.0
2007-07-16,853.674,233.96,236.50723,2.6605556,830.0,695.0,4176.0,8526.9,78.05,12.667,5.167,3.5,0.0
2007-07-17,719.632,176.088,234.74126,2.2762501,848.0,694.0,3335.0,7116.8667,78.05,12.667,5.167,3.5,0.0
2007-07-18,757.082,156.514,231.08824,2.3868055,909.0,671.0,4628.0,6410.033,78.05,12.667,5.167,3.5,0.0
2007-07-19,677.886,187.012,234.26187,2.143889,1068.0,703.0,3130.0,6397.1,78.05,12.667,5.167,3.5,0.0
2007-07-20,1110.422,223.118,235.56891,3.4516666,2111.0,2418.0,4765.0,9213.033,78.05,12.667,5.167,3.5,0.0
2007-07-21,1060.248,236.158,234.25662,3.2915277,428.0,512.0,7756.0,8974.8,78.05,12.667,5.167,3.5,0.0
2007-07-22,1377.26,218.756,235.96207,4.228472,7091.0,2136.0,5573.0,8154.3335,78.05,12.667,5.167,3.5,0.0
2007-07-23,991.018,143.77,234.50087,3.075972,1747.0,1288.0,3847.0,9634.967,78.05,12.667,5.167,3.5,0.0
2007-07-24,825.284,112.81,235.36304,2.5509722,0.0,1607.0,5599.0,6548.7334,78.05,12.667,5.167,3.5,0.0
2007-07-25,472.56,108.234,235.64105,1.4793055,0.0,151.0,2333.0,5392.0,78.05,12.667,5.167,3.5,0.0
2007-07-26,924.5,115.092,234.94373,2.8381944,975.0,3633.0,4346.0,6454.3335,78.05,12.667,5.167,3.5,0.0
2007-07-27,1202.514,120.456,235.5537,3.6233335,1837.0,49.0,7157.0,10998.9,78.05,12.667,5.167,3.5,0.0
2007-07-28,1621.862,178.73,235.50723,4.9416666,907.0,10265.0,6559.0,9300.033,78.05,12.667,5.167,3.5,0.0
2007-07-29,321.116,118.576,235.71205,1.0334722,0.0,0.0,1288.0,4063.9333,78.05,12.667,5.167,3.5,0.0
2007-07-30,466.816,129.492,235.53023,1.4672222,0.0,0.0,2528.0,5252.2666,78.05,12.667,5.167,3.5,0.0
2007-07-31,812.332,145.786,234.91483,2.5025,3277.0,0.0,3575.0,6686.8667,78.05,12.667,5.167,3.5,0.0
2007-08-01,1064.496,145.16,235.03105,3.2205555,1583.0,0.0,9812.0,6346.6,144.96,13.8,7.2,4.4,0.0
2007-08-02,1019.416,144.954,234.8566,3.0870833,482.0,0.0,6869.0,9639.267,144.96,13.8,7.2,4.4,0.0
2007-08-03,1063.364,125.388,234.48561,3.2072222,958.0,0.0,9139.0,7625.7334,144.96,13.8,7.2,4.4,0.0
2007-08-04,1144.99,139.226,235.25723,3.452361,552.0,398.0,7966.0,10167.167,144.96,13.8,7.2,4.4,0.0
2007-08-05,787.098,151.254,235.11528,2.4368055,169.0,0.0,6647.0,6302.3,144.96,13.8,7.2,4.4,0.0
2007-08-06,1089.72,154.434,234.70273,3.3170834,1096.0,0.0,7985.0,9081.0,144.96,13.8,7.2,4.4,0.0
2007-08-07,1483.58,131.182,234.55388,4.425972,437.0,2168.0,9042.0,13079.333,144.96,13.8,7.2,4.4,0.0
2007-08-08,1125.482,119.096,234.51237,3.3805556,1055.0,1111.0,9660.0,6932.033,144.96,13.8,7.2,4.4,0.0
2007-08-09,1071.68,109.474,234.21439,3.2723613,182.0,4515.0,6646.0,6518.3335,144.96,13.8,7.2,4.4,0.0
2007-08-10,1028.01,117.656,234.4888,3.129722,336.0,2651.0,8287.0,5859.5,144.96,13.8,7.2,4.4,0.0
2007-08-11,1091.65,115.77,234.9802,3.2856944,1180.0,910.0,10339.0,5765.1665,144.96,13.8,7.2,4.4,0.0
2007-08-12,1241.904,127.776,235.66484,3.7427778,1123.0,1156.0,8582.0,9837.4,144.96,13.8,7.2,4.4,0.0
2007-08-13,1153.012,130.94,235.21658,3.44875,93.0,476.0,11101.0,7546.8667,144.96,13.8,7.2,4.4,0.0
2007-08-14,941.19,132.01,237.07639,2.8541667,951.0,685.0,6256.0,7794.5,144.96,13.8,7.2,4.4,0.0
2007-08-15,1191.86,159.764,239.99341,3.5420835,338.0,508.0,9787.0,9231.333,144.96,13.8,7.2,4.4,0.0
2007-08-16,958.496,131.532,239.73766,2.8438888,962.0,0.0,7476.0,7536.933,144.96,13.8,7.2,4.4,0.0
2007-08-17,1009.892,127.388,240.49405,2.9815278,244.0,0.0,7769.0,8818.533,144.96,13.8,7.2,4.4,0.0
2007-08-18,347.96,119.24,241.27962,1.0788889,0.0,0.0,1830.0,3969.3333,144.96,13.8,7.2,4.4,0.0
2007-08-19,1422.294,160.018,239.95367,4.261945,1025.0,8912.0,5989.0,7778.9,144.96,13.8,7.2,4.4,0.0
2007-08-20,1338.842,155.88,241.30069,3.9633334,1032.0,6965.0,7383.0,6934.033,144.96,13.8,7.2,4.4,0.0
2007-08-21,642.556,157.308,240.57304,1.9611111,0.0,38.0,3296.0,7375.2666,144.96,13.8,7.2,4.4,0.0
2007-08-22,1209.808,154.288,240.81732,3.57125,3048.0,1836.0,7241.0,8038.467,144.96,13.8,7.2,4.4,0.0
2007-08-23,1112.312,157.954,240.64731,3.330278,2502.0,259.0,5342.0,10435.533,144.96,13.8,7.2,4.4,0.0
2007-08-24,1656.504,262.812,240.4948,4.936111,1891.0,3784.0,9944.0,11989.4,144.96,13.8,7.2,4.4,0.0
2007-08-25,1150.88,272.548,239.85983,3.55375,4149.0,2191.0,5678.0,7163.3335,144.96,13.8,7.2,4.4,0.0
2007-08-26,1314.906,299.388,239.95091,4.012639,1541.0,3645.0,5658.0,11071.1,144.96,13.8,7.2,4.4,0.0
2007-08-27,1211.73,299.084,239.92358,3.6912498,2305.0,1229.0,6344.0,10317.5,144.96,13.8,7.2,4.4,0.0
2007-08-28,997.004,181.114,239.54987,2.9961112,1038.0,2468.0,5483.0,7627.7334,144.96,13.8,7.2,4.4,0.0
2007-08-29,747.992,175.426,240.74498,2.2795835,957.0,562.0,4932.0,6015.533,144.96,13.8,7.2,4.4,0.0
2007-08-30,1202.458,191.048,240.57318,3.6043057,3822.0,2580.0,4221.0,9417.967,144.96,13.8,7.2,4.4,0.0
2007-08-31,1279.822,187.256,239.9857,3.7884722,1200.0,666.0,8738.0,10726.366,144.96,13.8,7.2,4.4,0.0
2007-09-01,1701.486,289.846,239.35574,5.065417,2497.0,569.0,9733.0,15559.1,18.3,4.667,1.333,0.0,0.0
2007-09-02,1662.468,231.598,240.04533,5.017222,3613.0,1617.0,8806.0,13671.8,18.3,4.667,1.333,0.0,0.0
2007-09-03,1038.922,188.422,239.62036,3.1306946,621.0,2515.0,5323.0,8856.366,18.3,4.667,1.333,0.0,0.0
2007-09-04,1584.944,179.626,239.65965,4.7559724,2928.0,3501.0,9821.0,10165.733,18.3,4.667,1.333,0.0,0.0
2007-09-05,1236.572,148.864,239.14816,3.697639,0.0,4144.0,6705.0,9760.533,18.3,4.667,1.333,0.0,0.0
2007-09-06,901.474,172.026,239.34004,2.7522223,0.0,3888.0,3461.0,7675.567,18.3,4.667,1.333,0.0,0.0
2007-09-07,1336.496,181.738,239.03171,4.007222,3632.0,551.0,9388.0,8703.934,18.3,4.667,1.333,0.0,0.0
2007-09-08,1469.752,186.33,239.73045,4.3919444,3339.0,1801.0,9164.0,10191.866,18.3,4.667,1.333,0.0,0.0
2007-09-09,1679.502,209.152,238.92213,5.0540276,2184.0,4438.0,9233.0,12136.7,18.3,4.667,1.333,0.0,0.0
2007-09-10,1117.376,177.498,239.38866,3.36375,935.0,595.0,5613.0,11479.934,18.3,4.667,1.333,0.0,0.0
2007-09-11,983.572,151.764,240.07199,2.9520833,943.0,550.0,5792.0,9107.866,18.3,4.667,1.333,0.0,0.0
2007-09-12,1287.764,171.794,240.01506,3.86,0.0,3217.0,7755.0,10490.733,18.3,4.667,1.333,0.0,0.0
2007-09-13,1146.382,165.95801,239.30983,3.4644444,1175.0,2523.0,3853.0,11555.366,18.3,4.667,1.333,0.0,0.0
2007-09-14,1135.47,183.126,239.3019,3.4447222,901.0,676.0,5804.0,11543.5,18.3,4.667,1.333,0.0,0.0
2007-09-15,1095.312,184.466,240.00197,3.2781944,0.0,1449.0,6464.0,10342.2,18.3,4.667,1.333,0.0,0.0
2007-09-16,1652.224,192.352,239.56046,4.96625,3118.0,3064.0,9310.0,12045.066,18.3,4.667,1.333,0.0,0.0
2007-09-17,1461.186,202.314,239.2148,4.413472,6651.0,926.0,6279.0,10497.1,18.3,4.667,1.333,0.0,0.0
2007-09-18,1167.52,147.132,238.26068,3.5127778,1888.0,2029.0,5425.0,10116.667,18.3,4.667,1.333,0.0,0.0
2007-09-19,1298.684,151.794,240.3052,3.8833334,0.0,2743.0,7937.0,10964.733,18.3,4.667,1.333,0.0,0.0
2007-09-20,1255.532,132.908,239.715,3.7209723,1056.0,489.0,9996.0,9384.533,18.3,4.667,1.333,0.0,0.0
2007-09-21,1238.78,152.834,239.38147,3.7326388,3130.0,2745.0,6316.0,8455.333,18.3,4.667,1.333,0.0,0.0
2007-09-22,1176.172,183.432,239.48303,3.5151389,944.0,1311.0,7688.0,9659.866,18.3,4.667,1.333,0.0,0.0
2007-09-23,1417.97,242.974,239.50043,4.28,2831.0,1929.0,7382.0,11490.833,18.3,4.667,1.333,0.0,0.0
2007-09-24,1354.53,197.624,238.6006,4.07875,929.0,3935.0,7955.0,9756.5,18.3,4.667,1.333,0.0,0.0
2007-09-25,1764.342,130.078,238.09961,5.206389,916.0,2253.0,9820.0,16416.7,18.3,4.667,1.333,0.0,0.0
2007-09-26,1829.532,169.228,239.41978,5.390972,1058.0,9417.0,5695.0,14322.2,18.3,4.667,1.333,0.0,0.0
2007-09-27,1392.6,150.71,239.56706,4.077778,1066.0,643.0,7324.0,14177.0,18.3,4.667,1.333,0.0,0.0
2007-09-28,1680.498,222.718,239.46243,4.994167,996.0,3722.0,9952.0,13338.3,18.3,4.667,1.333,0.0,0.0
2007-09-29,2296.522,182.122,239.1401,6.793195,4085.0,7457.0,8190.0,18543.367,18.3,4.667,1.333,0.0,0.0
2007-09-30,1516.29,163.588,240.06477,4.4525,1405.0,582.0,10225.0,13059.5,18.3,4.667,1.333,0.0,0.0
2007-10-01,1720.922,146.734,239.23991,5.07375,1507.0,6622.0,5960.0,14593.033,59.88,4.6,3.6,2.4,0.4
2007-10-02,2198.864,161.828,238.49379,6.4740276,508.0,8022.0,12815.0,15302.733,59.88,4.6,3.6,2.4,0.4
2007-10-03,1280.454,157.738,239.26106,3.8,979.0,5024.0,3692.0,11645.9,59.88,4.6,3.6,2.4,0.4
2007-10-04,1518.458,138.448,239.20508,4.454583,2400.0,444.0,9710.0,12753.634,59.88,4.6,3.6,2.4,0.4
2007-10-05,1394.092,150.636,238.8271,4.089722,0.0,351.0,9425.0,13458.866,59.88,4.6,3.6,2.4,0.4
2007-10-06,1756.24,186.192,238.3807,5.167639,4840.0,347.0,9666.0,14417.667,59.88,4.6,3.6,2.4,0.4
2007-10-07,2106.114,153.178,238.82628,6.2079167,2498.0,8255.0,10886.0,13462.9,59.88,4.6,3.6,2.4,0.4
2007-10-08,1095.242,121.896,239.09654,3.231111,0.0,420.0,5082.0,12752.033,59.88,4.6,3.6,2.4,0.4
2007-10-09,1687.858,159.802,238.87915,4.9823613,2034.0,2147.0,9290.0,14659.967,59.88,4.6,3.6,2.4,0.4
2007-10-10,1166.972,132.752,239.42116,3.4886112,1863.0,2117.0,3345.0,12124.533,59.88,4.6,3.6,2.4,0.4
2007-10-11,1732.446,153.108,238.44417,5.109028,2630.0,414.0,7806.0,18024.1,59.88,4.6,3.6,2.4,0.4
2007-10-12,1914.504,137.984,238.48131,5.6670833,1020.0,5028.0,11659.0,14201.4,59.88,4.6,3.6,2.4,0.4
2007-10-13,1926.728,125.204,238.76541,5.7006946,969.0,3799.0,8463.0,18881.133,59.88,4.6,3.6,2.4,0.4
2007-10-14,2061.252,150.05,239.10104,6.07875,2930.0,7494.0,7126.0,16804.2,59.88,4.6,3.6,2.4,0.4
2007-10-15,1266.33,118.182,239.29271,3.7219446,1061.0,339.0,7654.0,12051.5,59.88,4.6,3.6,2.4,0.4
2007-10-16,1964.442,185.414,238.86261,5.8231945,0.0,7871.0,9876.0,14993.7,59.88,4.6,3.6,2.4,0.4
2007-10-17,1576.93,136.4,239.19212,4.636945,1065.0,453.0,8968.0,15796.167,59.88,4.6,3.6,2.4,0.4
2007-10-18,1518.53,122.5,239.80028,4.43375,1162.0,317.0,9864.0,13965.833,59.88,4.6,3.6,2.4,0.4
2007-10-19,2085.648,121.478,239.65218,6.103194,1299.0,3124.0,11648.0,18689.8,59.88,4.6,3.6,2.4,0.4
2007-10-20,1660.246,139.544,241.82483,4.8147225,2363.0,296.0,13225.0,11786.767,59.88,4.6,3.6,2.4,0.4
2007-10-21,1941.94,154.028,241.49074,5.701667,3712.0,4357.0,7313.0,16983.666,59.88,4.6,3.6,2.4,0.4
2007-10-22,1652.896,116.41,240.5454,4.8058333,0.0,299.0,13027.0,14222.267,59.88,4.6,3.6,2.4,0.4
2007-10-23,1958.404,128.3,241.23228,5.7149997,1067.0,5186.0,10680.0,15707.066,59.88,4.6,3.6,2.4,0.4
2007-10-24,1865.636,146.782,240.80827,5.4731946,4459.0,364.0,9115.0,17155.934,59.88,4.6,3.6,2.4,0.4
2007-10-25,1853.918,132.2,240.47264,5.4136114,1478.0,2433.0,7385.0,19602.633,59.88,4.6,3.6,2.4,0.4
2007-10-26,1437.568,109.676,240.68086,4.3658333,0.0,348.0,5766.0,17845.467,59.88,4.6,3.6,2.4,0.4
2007-10-27,1785.688,109.186,240.20122,5.309167,1374.0,4856.0,8949.0,14582.467,59.88,4.6,3.6,2.4,0.4
2007-10-28,512.158,92.298,240.86606,1.4852778,0.0,283.0,1765.0,6487.967,59.88,4.6,3.6,2.4,0.4
2007-10-29,545.428,86.998,241.19331,1.5744444,0.0,269.0,2749.0,6072.467,59.88,4.6,3.6,2.4,0.4
2007-10-30,811.008,89.84,240.62593,2.351389,0.0,1935.0,4256.0,7325.8,59.88,4.6,3.6,2.4,0.4
2007-10-31,1283.21,107.2,240.33897,3.742361,0.0,4700.0,8915.0,7771.8335,59.88,4.6,3.6,2.4,0.4
2007-11-01,496.216,85.046,240.93842,1.4359722,0.0,293.0,1991.0,5986.2666,37.75,8.0,2.833,0.0,0.0
2007-11-02,1443.602,93.362,239.34898,4.2026386,1346.0,2115.0,12245.0,8354.033,37.75,8.0,2.833,0.0,0.0
2007-11-03,492.55,88.124,240.19052,1.4343054,0.0,282.0,1936.0,5991.1665,37.75,8.0,2.833,0.0,0.0
2007-11-04,1485.686,138.802,240.2055,4.384028,0.0,4387.0,7068.0,13306.434,37.75,8.0,2.833,0.0,0.0
2007-11-05,1500.592,131.35,239.65912,4.3962502,1265.0,397.0,6583.0,16764.867,37.75,8.0,2.833,0.0,0.0
2007-11-06,2082.378,200.526,238.70195,6.149861,1105.0,5515.0,10690.0,17396.3,37.75,8.0,2.833,0.0,0.0
2007-11-07,1844.758,193.52,239.56491,5.481111,5042.0,301.0,6374.0,19028.967,37.75,8.0,2.833,0.0,0.0
2007-11-08,1501.06,134.698,240.75266,4.435,1715.0,314.0,6500.0,16488.666,37.75,8.0,2.833,0.0,0.0
2007-11-09,2171.226,113.242,238.71542,6.3672223,0.0,4573.0,15375.0,16239.1,37.75,8.0,2.833,0.0,0.0
2007-11-10,2611.6,237.65201,239.11041,7.7069445,3697.0,304.0,13767.0,25758.666,37.75,8.0,2.833,0.0,0.0
2007-11-11,1887.124,185.61,240.26027,5.5405555,3445.0,320.0,6024.0,21663.066,37.75,8.0,2.833,0.0,0.0
2007-11-12,2156.146,137.468,239.82559,6.271944,1018.0,4165.0,13281.0,17471.768,37.75,8.0,2.833,0.0,0.0
2007-11-13,2214.398,140.952,241.12299,6.453472,978.0,4933.0,11076.0,19919.633,37.75,8.0,2.833,0.0,0.0
2007-11-14,2047.994,141.59,239.94603,5.9406943,1055.0,295.0,16345.0,16438.232,37.75,8.0,2.833,0.0,0.0
2007-11-15,1491.988,133.066,239.98499,4.3963885,1606.0,571.0,7503.0,15186.467,37.75,8.0,2.833,0.0,0.0
2007-11-16,2309.754,123.978,240.9835,6.7180557,1991.0,4660.0,13564.0,18280.9,37.75,8.0,2.833,0.0,0.0
2007-11-17,2610.094,168.03,240.60342,7.5988894,2588.0,2199.0,14990.0,23724.566,37.75,8.0,2.833,0.0,0.0
2007-11-18,2183.858,161.762,242.26047,6.3476386,5201.0,2097.0,7066.0,22033.633,37.75,8.0,2.833,0.0,0.0
2007-11-19,1723.654,112.03,242.76636,5.00625,1089.0,253.0,10750.0,16635.566,37.75,8.0,2.833,0.0,0.0
2007-11-20,2095.856,124.832,241.33882,6.090417,1015.0,3954.0,11026.0,18935.934,37.75,8.0,2.833,0.0,0.0
2007-11-21,1755.212,131.612,241.49512,5.121111,1141.0,549.0,9473.0,18090.533,37.75,8.0,2.833,0.0,0.0
2007-11-22,1932.378,143.108,241.56503,5.65625,2867.0,297.0,9001.0,20041.3,37.75,8.0,2.833,0.0,0.0
2007-11-23,2522.618,138.912,240.72238,7.340694,2168.0,6181.0,13685.0,20009.633,37.75,8.0,2.833,0.0,0.0
2007-11-24,1899.054,150.512,241.80273,5.512639,1573.0,4131.0,13451.0,12495.9,37.75,8.0,2.833,0.0,0.0
2007-11-25,1395.598,122.776,242.66115,4.0866666,3556.0,279.0,5678.0,13746.967,37.75,8.0,2.833,0.0,0.0
2007-11-26,1569.716,117.05,241.11649,4.601389,1088.0,288.0,8926.0,15859.934,37.75,8.0,2.833,0.0,0.0
2007-11-27,2801.012,139.994,241.32109,8.15625,1063.0,11020.0,15111.0,19489.533,37.75,8.0,2.833,0.0,0.0
2007-11-28,1644.94,115.442,242.8948,4.7755556,1182.0,769.0,7810.0,17654.666,37.75,8.0,2.833,0.0,0.0
2007-11-29,1719.452,118.71,242.73233,5.0156946,2031.0,283.0,8818.0,17525.533,37.75,8.0,2.833,0.0,0.0
2007-11-30,2331.728,147.28,243.48776,6.7572227,0.0,7941.0,13601.0,17320.133,37.75,8.0,2.833,0.0,0.0
2007-12-01,3134.942,288.892,240.26608,9.191527,9356.0,353.0,17847.0,24693.033,53.283,9.167,4.333,1.167,0.0
2007-12-02,2946.188,325.082,240.73001,8.618611,2090.0,6915.0,10636.0,29462.133,53.283,9.167,4.333,1.167,0.0
2007-12-03,1762.06,131.914,241.0796,5.1655555,1141.0,299.0,10428.0,17499.666,53.283,9.167,4.333,1.167,0.0
2007-12-04,2067.636,145.016,241.53598,6.045139,1012.0,5828.0,8561.0,19059.6,53.283,9.167,4.333,1.167,0.0
2007-12-05,2153.12,178.398,241.22789,6.3481946,3422.0,295.0,10919.0,21249.334,53.283,9.167,4.333,1.167,0.0
2007-12-06,2487.934,161.936,239.7101,7.3379164,4751.0,318.0,11908.0,24488.566,53.283,9.167,4.333,1.167,0.0
2007-12-07,1769.016,147.64,240.67105,5.1579165,459.0,3710.0,10263.0,15051.6,53.283,9.167,4.333,1.167,0.0
2007-12-08,2213.404,154.34,239.55994,6.508055,1133.0,2354.0,12283.0,21120.066,53.283,9.167,4.333,1.167,0.0
2007-12-09,2274.584,200.936,239.91508,6.701528,4176.0,2428.0,8728.0,22577.732,53.283,9.167,4.333,1.167,0.0
2007-12-10,1758.754,125.012,241.90384,5.1745834,1102.0,278.0,8281.0,19651.566,53.283,9.167,4.333,1.167,0.0
2007-12-11,2305.104,133.698,241.46024,6.712222,1050.0,3817.0,12740.0,20811.4,53.283,9.167,4.333,1.167,0.0
2007-12-12,1588.062,116.886,242.47632,4.591111,1152.0,254.0,7759.0,17302.7,53.283,9.167,4.333,1.167,0.0
2007-12-13,1847.746,111.49,241.82735,5.4195833,1103.0,1448.0,8911.0,19333.768,53.283,9.167,4.333,1.167,0.0
2007-12-14,1974.808,179.55,241.98592,5.7577777,980.0,3849.0,12941.0,15143.467,53.283,9.167,4.333,1.167,0.0
2007-12-15,2736.876,157.626,241.28064,7.98,1706.0,3687.0,14313.0,25908.6,53.283,9.167,4.333,1.167,0.0
2007-12-16,2762.218,126.938,242.68498,7.9922223,3410.0,2281.0,12929.0,27416.967,53.283,9.167,4.333,1.167,0.0
2007-12-17,1798.422,105.194,242.62573,5.1897225,1636.0,243.0,10567.0,17527.7,53.283,9.167,4.333,1.167,0.0
2007-12-18,2623.194,144.08,242.94,7.602083,1123.0,5810.0,11093.0,25693.9,53.283,9.167,4.333,1.167,0.0
2007-12-19,2196.052,109.336,242.70111,6.334444,1233.0,2658.0,11679.0,21030.867,53.283,9.167,4.333,1.167,0.0
2007-12-20,1949.758,119.434,243.16795,5.6133337,1859.0,276.0,13592.0,16768.967,53.283,9.167,4.333,1.167,0.0
2007-12-21,1982.576,106.47,242.88164,5.71375,1191.0,200.0,12251.0,19400.934,53.283,9.167,4.333,1.167,0.0
2007-12-22,2611.264,141.314,242.14552,7.593472,3819.0,4550.0,12673.0,22479.066,53.283,9.167,4.333,1.167,0.0
2007-12-23,2409.048,176.272,242.55794,6.982778,1971.0,3091.0,11962.0,23126.8,53.283,9.167,4.333,1.167,0.0
2007-12-24,2257.848,149.754,242.65044,6.5497217,2985.0,2316.0,14350.0,17979.8,53.283,9.167,4.333,1.167,0.0
2007-12-25,2694.968,151.812,242.98087,7.790972,4588.0,3368.0,9084.0,27876.133,53.283,9.167,4.333,1.167,0.0
2007-12-26,2580.28,140.314,242.39241,7.4261107,1109.0,2773.0,9480.0,29642.666,53.283,9.167,4.333,1.167,0.0
2007-12-27,2532.198,190.582,242.1116,7.3958335,4122.0,1490.0,7960.0,28631.3,53.283,9.167,4.333,1.167,0.0
2007-12-28,3113.052,206.8,242.28448,9.030556,1980.0,8554.0,15823.0,25527.2,53.283,9.167,4.333,1.167,0.0
2007-12-29,3298.956,199.892,240.55067,9.56,4836.0,2434.0,14906.0,32806.6,53.283,9.167,4.333,1.167,0.0
2007-12-30,2558.916,178.436,242.09918,7.465694,3595.0,3597.0,13485.0,21971.6,53.283,9.167,4.333,1.167,0.0
2007-12-31,2216.542,145.536,241.09479,6.455,0.0,3457.0,14071.0,19414.367,53.283,9.167,4.333,1.167,0.0
2008-01-01,2759.738,142.508,241.03668,7.9786115,2461.0,2739.0,12355.0,28440.633,55.36,10.4,3.2,2.0,0.2
2008-01-02,1644.106,111.666,242.41745,4.7704167,0.0,3094.0,8987.0,15320.767,55.36,10.4,3.2,2.0,0.2
2008-01-03,1510.108,121.182,243.07745,4.4016666,1130.0,846.0,6671.0,16521.467,55.36,10.4,3.2,2.0,0.2
2008-01-04,2291.852,136.706,241.27338,6.715139,1241.0,5326.0,11752.0,19878.533,55.36,10.4,3.2,2.0,0.2
2008-01-05,2183.248,129.464,238.82294,6.446806,2113.0,286.0,14591.0,19397.467,55.36,10.4,3.2,2.0,0.2
2008-01-06,1825.184,116.958,239.40729,5.3901386,1966.0,2445.0,7824.0,18184.732,55.36,10.4,3.2,2.0,0.2
2008-01-07,1695.814,116.172,240.74394,4.915278,1288.0,282.0,10294.0,16399.566,55.36,10.4,3.2,2.0,0.2
2008-01-08,2043.55,127.452,240.82181,5.99,2197.0,3511.0,9793.0,18558.166,55.36,10.4,3.2,2.0,0.2
2008-01-09,1788.44,125.336,241.25864,5.2319446,1162.0,284.0,8963.0,19398.334,55.36,10.4,3.2,2.0,0.2
2008-01-10,1894.076,120.504,240.80714,5.5945835,1307.0,285.0,9992.0,19983.934,55.36,10.4,3.2,2.0,0.2
2008-01-11,1705.818,95.484,240.41005,4.9634724,1261.0,290.0,7997.0,18882.3,55.36,10.4,3.2,2.0,0.2
2008-01-12,2871.408,162.724,239.96017,8.52389,5594.0,2621.0,11116.0,28525.8,55.36,10.4,3.2,2.0,0.2
2008-01-13,2886.11,144.786,239.74702,8.456805,6505.0,341.0,9379.0,31876.834,55.36,10.4,3.2,2.0,0.2
2008-01-14,2024.932,120.11,240.299,6.014583,5918.0,339.0,9738.0,17753.867,55.36,10.4,3.2,2.0,0.2
2008-01-15,2686.912,113.144,240.70949,7.89125,782.0,6883.0,14512.0,22604.867,55.36,10.4,3.2,2.0,0.2
2008-01-16,2135.852,128.93001,240.42213,6.3195834,1162.0,3430.0,9391.0,21614.533,55.36,10.4,3.2,2.0,0.2
2008-01-17,1572.282,116.718,241.62799,4.645,1007.0,350.0,8657.0,16190.7,55.36,10.4,3.2,2.0,0.2
2008-01-18,2186.988,119.29,239.93292,6.4322224,1034.0,846.0,14983.0,19586.8,55.36,10.4,3.2,2.0,0.2
2008-01-19,1980.306,134.982,239.60593,5.8288884,2521.0,6054.0,8015.0,16415.1,55.36,10.4,3.2,2.0,0.2
2008-01-20,1740.368,138.614,239.94453,5.1488886,1775.0,380.0,4940.0,21911.133,55.36,10.4,3.2,2.0,0.2
2008-01-21,1858.998,122.4,239.56476,5.5190277,0.0,376.0,10447.0,20160.3,55.36,10.4,3.2,2.0,0.2
2008-01-22,2325.018,143.462,240.09477,6.92875,4670.0,7640.0,7552.0,18888.3,55.36,10.4,3.2,2.0,0.2
2008-01-23,1882.308,107.984,240.90706,5.520278,1116.0,387.0,13359.0,16509.8,55.36,10.4,3.2,2.0,0.2
2008-01-24,1645.022,104.306,240.77924,4.8879166,1107.0,320.0,5935.0,20055.033,55.36,10.4,3.2,2.0,0.2
2008-01-25,2239.856,119.626,240.70544,6.5440283,0.0,2421.0,11409.0,23500.934,55.36,10.4,3.2,2.0,0.2
2008-01-26,2834.988,168.422,239.7602,8.366667,4925.0,311.0,15606.0,26407.8,55.36,10.4,3.2,2.0,0.2
2008-01-27,2381.766,140.758,241.30367,6.9848614,3725.0,3818.0,7367.0,24786.1,55.36,10.4,3.2,2.0,0.2
2008-01-28,2308.196,107.836,240.46678,6.7695837,1142.0,280.0,12792.0,24255.934,55.36,10.4,3.2,2.0,0.2
2008-01-29,2676.024,117.176,240.62311,7.842222,1487.0,6199.0,11077.0,25837.4,55.36,10.4,3.2,2.0,0.2
2008-01-30,1640.646,116.47,241.61465,4.826389,0.0,261.0,7261.0,19822.1,55.36,10.4,3.2,2.0,0.2
2008-01-31,1953.922,137.576,241.88574,5.7933335,1165.0,267.0,9437.0,21696.367,55.36,10.4,3.2,2.0,0.2
2008-02-01,1534.652,179.25,240.36026,4.5176387,336.0,280.0,7241.0,17720.533,27.933,7.833,1.667,0.833,0.0
2008-02-02,2940.438,231.426,240.28917,8.65625,6286.0,2764.0,15206.0,24751.3,27.933,7.833,1.667,0.833,0.0
2008-02-03,2084.568,153.70801,240.34071,6.1356945,2319.0,4435.0,8452.0,19536.8,27.933,7.833,1.667,0.833,0.0
2008-02-04,1628.138,104.034,240.2552,4.777222,1161.0,252.0,9531.0,16191.634,27.933,7.833,1.667,0.833,0.0
2008-02-05,2472.456,152.786,240.97691,7.2105556,1098.0,7803.0,13717.0,18589.6,27.933,7.833,1.667,0.833,0.0
2008-02-06,1669.54,114.26,238.41371,4.933611,2114.0,356.0,8428.0,16927.666,27.933,7.833,1.667,0.833,0.0
2008-02-07,1518.31,108.706,241.07056,4.439306,0.0,295.0,8089.0,16921.166,27.933,7.833,1.667,0.833,0.0
2008-02-08,1950.564,119.094,240.43312,5.7472224,940.0,1921.0,9563.0,20085.4,27.933,7.833,1.667,0.833,0.0
2008-02-09,2102.2761,144.528,241.7645,6.0899997,2050.0,2838.0,10293.0,19856.934,27.933,7.833,1.667,0.833,0.0
2008-02-10,2184.714,151.73601,241.27519,6.396806,2562.0,2955.0,10128.0,20766.9,27.933,7.833,1.667,0.833,0.0
2008-02-11,1692.016,102.246,241.69218,4.9318056,1018.0,297.0,8930.0,17955.268,27.933,7.833,1.667,0.833,0.0
2008-02-12,1987.798,130.946,239.50916,5.847083,2009.0,1856.0,12138.0,17126.967,27.933,7.833,1.667,0.833,0.0
2008-02-13,1900.498,128.478,241.20311,5.5801387,2530.0,3615.0,7568.0,17961.967,27.933,7.833,1.667,0.833,0.0
2008-02-14,1604.622,113.646,240.76482,4.68375,1300.0,291.0,9299.0,15853.7,27.933,7.833,1.667,0.833,0.0
2008-02-15,2005.208,107.952,241.89061,5.78125,1109.0,1723.0,13417.0,17171.133,27.933,7.833,1.667,0.833,0.0
2008-02-16,2346.948,138.994,241.08757,6.893889,1076.0,2360.0,11599.0,24080.8,27.933,7.833,1.667,0.833,0.0
2008-02-17,1933.368,120.076004,242.46983,5.654444,3182.0,2257.0,6049.0,20734.8,27.933,7.833,1.667,0.833,0.0
2008-02-18,1514.404,101.972,242.06393,4.37625,0.0,251.0,10345.0,14644.066,27.933,7.833,1.667,0.833,0.0
2008-02-19,2126.916,137.568,241.01013,6.2197223,1881.0,4711.0,11200.0,17656.6,27.933,7.833,1.667,0.833,0.0
2008-02-20,2253.79,190.268,241.66968,6.608333,3655.0,5516.0,7704.0,20688.166,27.933,7.833,1.667,0.833,0.0
2008-02-21,1633.85,112.274,240.7504,4.788472,0.0,307.0,8523.0,18400.834,27.933,7.833,1.667,0.833,0.0
2008-02-22,1732.564,121.688,241.43576,5.055278,1167.0,1985.0,10101.0,15623.066,27.933,7.833,1.667,0.833,0.0
2008-02-23,1836.474,132.504,239.66867,5.41125,1684.0,2250.0,10074.0,16599.9,27.933,7.833,1.667,0.833,0.0
2008-02-24,1263.008,107.332,240.37779,3.6388888,754.0,332.0,11447.0,8517.134,27.933,7.833,1.667,0.833,0.0
2008-02-25,504.488,91.72,239.776,1.4555556,0.0,321.0,1856.0,6231.1333,27.933,7.833,1.667,0.833,0.0
2008-02-26,507.12,84.590004,239.53334,1.4590278,0.0,295.0,2013.0,6144.0,27.933,7.833,1.667,0.833,0.0
2008-02-27,566.72,86.168,239.55402,1.6341666,0.0,326.0,2969.0,6150.3335,27.933,7.833,1.667,0.833,0.0
2008-02-28,509.184,83.248,239.80428,1.4669443,0.0,281.0,2028.0,6177.4,27.933,7.833,1.667,0.833,0.0
2008-02-29,1333.348,88.948,238.0385,3.872639,0.0,3773.0,8062.0,10387.467,27.933,7.833,1.667,0.833,0.0
2008-03-01,1141.876,105.158,239.4315,3.2776387,0.0,1287.0,2724.0,15020.267,84.383,18.333,6.833,1.333,0.0
2008-03-02,1162.226,144.71,239.74625,3.425,0.0,5244.0,2565.0,11561.434,84.383,18.333,6.833,1.333,0.0
2008-03-03,1040.55,114.334,240.35199,2.9775,0.0,2207.0,1755.0,13380.5,84.383,18.333,6.833,1.333,0.0
2008-03-04,1668.99,108.958,241.02641,4.8676386,1249.0,2443.0,9415.0,14709.5,84.383,18.333,6.833,1.333,0.0
2008-03-05,2037.208,140.898,241.06523,5.9708333,1145.0,9797.0,5529.0,17482.467,84.383,18.333,6.833,1.333,0.0
2008-03-06,2503.208,106.184,240.42923,7.2145834,1082.0,372.0,6965.0,33301.133,84.383,18.333,6.833,1.333,0.0
2008-03-07,1862.956,129.392,240.81606,5.4416666,1235.0,3471.0,9033.0,17310.268,84.383,18.333,6.833,1.333,0.0
2008-03-08,2248.66,237.08,241.59096,6.5883336,6286.0,346.0,8435.0,22410.666,84.383,18.333,6.833,1.333,0.0
2008-03-09,1560.458,135.574,240.74637,4.591111,2607.0,333.0,4155.0,18912.633,84.383,18.333,6.833,1.333,0.0
2008-03-10,1618.686,127.124,241.72734,4.7125,2009.0,368.0,8660.0,15941.1,84.383,18.333,6.833,1.333,0.0
2008-03-11,2200.042,151.1,240.42415,6.4669447,1271.0,3901.0,12936.0,18559.367,84.383,18.333,6.833,1.333,0.0
2008-03-12,1774.232,138.194,241.0572,5.172222,1120.0,2374.0,11042.0,15034.533,84.383,18.333,6.833,1.333,0.0
2008-03-13,1675.514,128.474,240.80263,4.9416666,3263.0,3590.0,5464.0,15608.233,84.383,18.333,6.833,1.333,0.0
2008-03-14,2210.22,159.748,240.62737,6.44625,980.0,3881.0,14476.0,17500.0,84.383,18.333,6.833,1.333,0.0
2008-03-15,1576.3,154.412,240.198,4.6506944,2550.0,502.0,5910.0,17309.666,84.383,18.333,6.833,1.333,0.0
2008-03-16,1801.96,173.652,241.29466,5.298333,2394.0,566.0,11286.0,15786.667,84.383,18.333,6.833,1.333,0.0
2008-03-17,1706.918,175.274,240.80524,5.0069447,236.0,6651.0,9346.0,12215.634,84.383,18.333,6.833,1.333,0.0
2008-03-18,1917.566,147.44,241.92899,5.5719447,1156.0,4019.0,12544.0,14240.434,84.383,18.333,6.833,1.333,0.0
2008-03-19,1308.448,142.498,242.4022,3.8255553,2110.0,411.0,6154.0,13132.467,84.383,18.333,6.833,1.333,0.0
2008-03-20,1253.274,120.854004,241.76259,3.659583,1107.0,478.0,6670.0,12632.9,84.383,18.333,6.833,1.333,0.0
2008-03-21,2066.442,223.824,241.3699,6.0381947,2171.0,4778.0,13275.0,14216.7,84.383,18.333,6.833,1.333,0.0
2008-03-22,2053.516,185.68001,241.61215,6.020278,3322.0,588.0,12405.0,17910.268,84.383,18.333,6.833,1.333,0.0
2008-03-23,2325.99,152.446,242.65262,6.790556,6279.0,2112.0,13878.0,16497.5,84.383,18.333,6.833,1.333,0.0
2008-03-24,1976.272,131.13,242.70578,5.758611,1131.0,5989.0,7026.0,18791.867,84.383,18.333,6.833,1.333,0.0
2008-03-25,2015.856,127.832,242.13821,5.8705554,2246.0,3677.0,13494.0,14180.6,84.383,18.333,6.833,1.333,0.0
2008-03-26,1633.472,133.598,242.80981,4.7630553,2547.0,3831.0,7547.0,13299.533,84.383,18.333,6.833,1.333,0.0
2008-03-27,1370.822,116.44,242.09555,3.9608333,0.0,356.0,9022.0,13469.033,84.383,18.333,6.833,1.333,0.0
2008-03-28,1885.424,137.64,242.32335,5.4790277,2325.0,3605.0,11581.0,13912.733,84.383,18.333,6.833,1.333,0.0
2008-03-29,2471.15,175.068,241.25356,7.209306,5153.0,375.0,17240.0,18417.834,84.383,18.333,6.833,1.333,0.0
2008-03-30,2146.392,175.97,241.16376,6.2774997,5045.0,1315.0,9769.0,19644.2,84.383,18.333,6.833,1.333,0.0
2008-03-31,1377.57,130.86,242.72704,4.0059724,1091.0,411.0,9387.0,12070.5,84.383,18.333,6.833,1.333,0.0
2008-04-01,2129.052,170.396,241.6158,6.2025,1079.0,6657.0,14515.0,13233.2,59.833,13.0,4.667,0.833,0.0
2008-04-02,1691.672,142.54,238.66716,5.007639,1106.0,3674.0,7989.0,15425.533,59.833,13.0,4.667,0.833,0.0
2008-04-03,1128.756,121.236,240.69424,3.2808332,0.0,422.0,6901.0,11489.6,59.833,13.0,4.667,0.833,0.0
2008-04-04,1631.918,125.306,241.33105,4.726389,2133.0,775.0,13246.0,11044.634,59.833,13.0,4.667,0.833,0.0
2008-04-05,1970.762,203.684,240.55803,5.784861,2929.0,874.0,13644.0,15399.033,59.833,13.0,4.667,0.833,0.0
2008-04-06,1696.318,150.572,241.14961,4.9463887,1124.0,2615.0,7552.0,16980.967,59.833,13.0,4.667,0.833,0.0
2008-04-07,1538.838,141.28,243.22832,4.4841666,2420.0,672.0,9466.0,13089.3,59.833,13.0,4.667,0.833,0.0
2008-04-08,2657.516,184.176,242.06657,7.699445,2752.0,10713.0,17519.0,13307.934,59.833,13.0,4.667,0.833,0.0
2008-04-09,1218.852,132.864,242.3177,3.5229166,0.0,376.0,9003.0,10935.2,59.833,13.0,4.667,0.833,0.0
2008-04-10,1477.746,163.68001,241.94905,4.3054166,3261.0,457.0,6527.0,14384.1,59.833,13.0,4.667,0.833,0.0
2008-04-11,1877.6641,143.89,240.75838,5.4526386,1802.0,491.0,14522.0,14479.4,59.833,13.0,4.667,0.833,0.0
2008-04-12,2800.014,392.272,241.06317,8.218195,7076.0,2499.0,15225.0,21866.9,59.833,13.0,4.667,0.833,0.0
2008-04-13,2232.986,213.514,240.42332,6.5518055,2554.0,5942.0,13007.0,15713.434,59.833,13.0,4.667,0.833,0.0
2008-04-14,1589.582,154.95801,242.31406,4.6043057,0.0,425.0,11197.0,14871.033,59.833,13.0,4.667,0.833,0.0
2008-04-15,1670.406,178.782,241.23874,4.909583,1174.0,3998.0,9874.0,12794.1,59.833,13.0,4.667,0.833,0.0
2008-04-16,1489.064,125.904,241.74438,4.316111,838.0,403.0,11322.0,12254.733,59.833,13.0,4.667,0.833,0.0
2008-04-17,1395.862,145.878,241.4036,4.1043057,1719.0,417.0,8638.0,12490.366,59.833,13.0,4.667,0.833,0.0
2008-04-18,1862.39,184.646,240.64159,5.4576387,2174.0,3832.0,10921.0,14112.833,59.833,13.0,4.667,0.833,0.0
2008-04-19,2253.71,245.284,241.14319,6.6361113,4319.0,2457.0,14722.0,16063.833,59.833,13.0,4.667,0.833,0.0
2008-04-20,1791.418,227.854,241.43288,5.2605557,1030.0,4544.0,10401.0,13881.967,59.833,13.0,4.667,0.833,0.0
2008-04-21,1164.156,175.4,241.9925,3.4041667,0.0,2673.0,6788.0,9941.6,59.833,13.0,4.667,0.833,0.0
2008-04-22,1627.676,193.15,240.95972,4.7725,971.0,5093.0,10603.0,10460.934,59.833,13.0,4.667,0.833,0.0
2008-04-23,1357.328,189.502,241.51135,3.9675002,1380.0,492.0,8406.0,12344.134,59.833,13.0,4.667,0.833,0.0
2008-04-24,1043.772,171.924,240.60532,3.0580556,1263.0,522.0,5296.0,10315.2,59.833,13.0,4.667,0.833,0.0
2008-04-25,1267.734,162.224,241.00716,3.7,824.0,2004.0,9400.0,8900.9,59.833,13.0,4.667,0.833,0.0
2008-04-26,903.166,168.696,240.79256,2.6340277,0.0,634.0,3586.0,10832.767,59.833,13.0,4.667,0.833,0.0
2008-04-27,1008.24,198.118,240.90729,2.96375,693.0,588.0,5488.0,10035.0,59.833,13.0,4.667,0.833,0.0
2008-04-28,659.052,167.118,240.97845,1.9506944,0.0,621.0,2786.0,7577.2,59.833,13.0,4.667,0.833,0.0
2008-04-29,1972.616,215.356,240.7069,5.7706943,1402.0,5411.0,10481.0,15582.934,59.833,13.0,4.667,0.833,0.0
2008-04-30,1101.726,171.556,241.43364,3.218611,1057.0,590.0,6653.0,10062.1,59.833,13.0,4.667,0.833,0.0
2008-05-01,576.014,150.696,241.44627,1.702361,0.0,530.0,2586.0,6484.2334,69.95,8.5,4.5,1.667,0.0
2008-05-02,1497.768,205.568,241.64894,4.3777776,3114.0,584.0,8687.0,12577.8,69.95,8.5,4.5,1.667,0.0
2008-05-03,1289.6,202.004,240.83368,3.8009722,996.0,541.0,6535.0,13421.333,69.95,8.5,4.5,1.667,0.0
2008-05-04,1470.97,209.422,241.38046,4.3625,2196.0,2872.0,5464.0,13984.167,69.95,8.5,4.5,1.667,0.0
2008-05-05,1366.932,185.75,240.73685,3.9977777,1008.0,378.0,10197.0,11199.2,69.95,8.5,4.5,1.667,0.0
2008-05-06,1789.98,199.596,240.29031,5.245972,1354.0,5410.0,12200.0,10869.0,69.95,8.5,4.5,1.667,0.0
2008-05-07,1176.264,190.956,241.08127,3.4575,1030.0,423.0,6649.0,11502.4,69.95,8.5,4.5,1.667,0.0
2008-05-08,2116.698,253.244,239.8513,6.178472,3667.0,702.0,12717.0,18192.3,69.95,8.5,4.5,1.667,0.0
2008-05-09,1747.272,229.87401,240.47122,5.1361113,2229.0,423.0,11904.0,14565.2,69.95,8.5,4.5,1.667,0.0
2008-05-10,1909.128,289.814,240.08621,5.636389,6950.0,612.0,11714.0,12542.8,69.95,8.5,4.5,1.667,0.0
2008-05-11,1610.92,275.702,240.4856,4.804167,563.0,1340.0,6930.0,18015.666,69.95,8.5,4.5,1.667,0.0
2008-05-12,1524.204,229.14,241.04163,4.5194445,2082.0,1085.0,11959.0,10277.4,69.95,8.5,4.5,1.667,0.0
2008-05-13,1476.894,236.468,240.37407,4.3918056,823.0,4089.0,8370.0,11332.9,69.95,8.5,4.5,1.667,0.0
2008-05-14,1584.262,277.374,240.70851,4.7133336,2467.0,3436.0,9716.0,10785.366,69.95,8.5,4.5,1.667,0.0
2008-05-15,1162.768,237.724,240.35039,3.5220833,868.0,570.0,6820.0,11121.467,69.95,8.5,4.5,1.667,0.0
2008-05-16,1651.126,235.398,239.61566,4.9245834,2228.0,2569.0,8957.0,13764.767,69.95,8.5,4.5,1.667,0.0
2008-05-17,1657.454,275.896,239.47285,4.951528,2158.0,935.0,12472.0,12059.233,69.95,8.5,4.5,1.667,0.0
2008-05-18,1803.958,254.492,239.68268,5.4094443,1775.0,5355.0,8626.0,14309.967,69.95,8.5,4.5,1.667,0.0
2008-05-19,1030.262,175.736,240.43188,3.0694444,1014.0,558.0,7503.0,8096.033,69.95,8.5,4.5,1.667,0.0
2008-05-20,1581.334,184.082,241.01959,4.6822224,1352.0,2431.0,11977.0,10595.566,69.95,8.5,4.5,1.667,0.0
2008-05-21,1324.112,190.326,240.7605,3.9166667,1989.0,474.0,9251.0,10354.533,69.95,8.5,4.5,1.667,0.0
2008-05-22,976.868,169.816,239.5002,2.9559722,996.0,440.0,6475.0,8370.134,69.95,8.5,4.5,1.667,0.0
2008-05-23,1484.916,178.958,239.49886,4.358611,0.0,1390.0,14734.0,8624.6,69.95,8.5,4.5,1.667,0.0
2008-05-24,1580.176,285.55,240.72491,4.669028,1027.0,569.0,12833.0,11907.267,69.95,8.5,4.5,1.667,0.0
2008-05-25,2048.504,290.416,239.94563,6.1365275,4307.0,8811.0,6016.0,15007.733,69.95,8.5,4.5,1.667,0.0
2008-05-26,1289.71,220.698,240.3637,3.929722,985.0,666.0,9284.0,10560.167,69.95,8.5,4.5,1.667,0.0
2008-05-27,1708.7,207.466,239.39087,5.1073613,0.0,5352.0,11478.0,11648.333,69.95,8.5,4.5,1.667,0.0
2008-05-28,1114.372,235.644,241.3227,3.3505554,3138.0,512.0,6709.0,8213.866,69.95,8.5,4.5,1.667,0.0
2008-05-29,1135.076,186.832,237.67516,3.4756944,1004.0,507.0,8703.0,8703.934,69.95,8.5,4.5,1.667,0.0
2008-05-30,1397.244,182.218,240.5537,4.2029166,0.0,3019.0,11298.0,8970.4,69.95,8.5,4.5,1.667,0.0
2008-05-31,1641.47,249.924,240.6542,4.9230556,1764.0,2328.0,11858.0,11407.833,69.95,8.5,4.5,1.667,0.0
2008-06-01,1848.876,225.34,240.62318,5.4231944,1906.0,545.0,11307.0,17056.6,17.167,5.167,0.667,0.0,0.0
2008-06-02,1074.012,165.158,236.36987,3.2180555,960.0,558.0,6341.0,10041.2,17.167,5.167,0.667,0.0,0.0
2008-06-03,1597.816,173.938,234.1522,4.8441668,2897.0,2608.0,9265.0,11860.267,17.167,5.167,0.667,0.0,0.0
2008-06-04,1588.912,152.404,234.70647,4.827778,1550.0,7682.0,6508.0,10741.866,17.167,5.167,0.667,0.0,0.0
2008-06-05,1120.078,153.106,235.16382,3.397639,1747.0,506.0,8781.0,7633.967,17.167,5.167,0.667,0.0,0.0
2008-06-06,1217.714,174.52,239.71693,3.6720831,1009.0,506.0,7871.0,10909.233,17.167,5.167,0.667,0.0,0.0
2008-06-07,1882.484,186.414,238.98444,5.5319443,2379.0,2611.0,14593.0,11791.733,17.167,5.167,0.667,0.0,0.0
2008-06-08,1542.322,188.384,239.96494,4.596111,2536.0,3161.0,9732.0,10276.367,17.167,5.167,0.667,0.0,0.0
2008-06-09,1325.698,183.64,239.43468,4.0397224,1967.0,2085.0,7921.0,10121.967,17.167,5.167,0.667,0.0,0.0
2008-06-10,1067.09,216.018,239.97804,3.2048612,907.0,585.0,8992.0,7300.8335,17.167,5.167,0.667,0.0,0.0
2008-06-11,1123.206,214.372,240.15446,3.388472,977.0,842.0,7566.0,9335.1,17.167,5.167,0.667,0.0,0.0
2008-06-12,1259.332,189.292,239.69002,3.7993054,1951.0,567.0,7246.0,11224.866,17.167,5.167,0.667,0.0,0.0
2008-06-13,1875.1,281.936,238.8885,5.6044445,2809.0,7358.0,10531.0,10553.667,17.167,5.167,0.667,0.0,0.0
2008-06-14,1384.92,344.28,240.0145,4.207778,1862.0,1011.0,10681.0,9528.0,17.167,5.167,0.667,0.0,0.0
2008-06-15,2289.102,281.006,239.45374,6.773611,6471.0,6802.0,11589.0,13289.7,17.167,5.167,0.667,0.0,0.0
2008-06-16,1303.044,204.382,240.43346,3.904722,1980.0,464.0,10012.0,9261.4,17.167,5.167,0.667,0.0,0.0
2008-06-17,1145.084,175.464,240.35443,3.4345832,1080.0,432.0,10094.0,7478.7334,17.167,5.167,0.667,0.0,0.0
2008-06-18,1893.608,272.724,239.73987,5.711389,7549.0,3040.0,12687.0,8284.134,17.167,5.167,0.667,0.0,0.0
2008-06-19,1588.082,189.418,239.27267,4.737917,3411.0,1514.0,10911.0,10632.033,17.167,5.167,0.667,0.0,0.0
2008-06-20,1676.104,227.42,239.9392,5.0081944,2948.0,2935.0,12417.0,9635.066,17.167,5.167,0.667,0.0,0.0
2008-06-21,1734.254,239.028,239.46341,5.1341667,940.0,5823.0,12828.0,9313.233,17.167,5.167,0.667,0.0,0.0
2008-06-22,1566.416,294.144,239.04411,4.674028,4705.0,1175.0,10652.0,9574.934,17.167,5.167,0.667,0.0,0.0
2008-06-23,1251.796,210.956,238.93765,3.7919443,2600.0,581.0,10124.0,7558.2666,17.167,5.167,0.667,0.0,0.0
2008-06-24,1754.452,253.022,237.91539,5.2622223,2779.0,3489.0,14271.0,8701.866,17.167,5.167,0.667,0.0,0.0
2008-06-25,1261.77,290.626,238.8949,3.910972,2773.0,569.0,9402.0,8285.5,17.167,5.167,0.667,0.0,0.0
2008-06-26,1056.02,217.414,239.35141,3.211111,921.0,572.0,8971.0,7136.3335,17.167,5.167,0.667,0.0,0.0
2008-06-27,1755.152,262.008,238.93498,5.2366667,4159.0,2372.0,10163.0,12558.533,17.167,5.167,0.667,0.0,0.0
2008-06-28,1208.8,210.954,239.14238,3.685972,0.0,2000.0,7932.0,10214.667,17.167,5.167,0.667,0.0,0.0
2008-06-29,749.352,183.664,240.16066,2.3311112,955.0,535.0,3896.0,7103.2,17.167,5.167,0.667,0.0,0.0
2008-06-30,804.196,189.526,240.37613,2.4791667,0.0,521.0,6819.0,6063.2666,17.167,5.167,0.667,0.0,0.0
2008-07-01,1215.24,277.788,239.5403,3.74,3465.0,587.0,8390.0,7812.0,38.017,5.5,2.333,0.833,0.0
2008-07-02,1147.202,266.538,238.96198,3.5695834,962.0,650.0,7002.0,10506.033,38.017,5.5,2.333,0.833,0.0
2008-07-03,1098.36,213.748,239.6355,3.3431945,958.0,2569.0,7410.0,7369.0,38.017,5.5,2.333,0.833,0.0
2008-07-04,942.02,188.132,240.17964,2.8283334,0.0,589.0,8302.0,6809.3335,38.017,5.5,2.333,0.833,0.0
2008-07-05,1469.088,224.78,239.56477,4.386528,1875.0,6754.0,8365.0,7490.8,38.017,5.5,2.333,0.833,0.0
2008-07-06,1805.064,253.582,240.59024,5.3594446,4258.0,5230.0,7536.0,13060.4,38.017,5.5,2.333,0.833,0.0
2008-07-07,983.39,202.81,239.63373,2.968611,2171.0,592.0,7149.0,6477.8335,38.017,5.5,2.333,0.833,0.0
2008-07-08,1126.214,196.318,239.70062,3.3713887,991.0,503.0,7592.0,9684.233,38.017,5.5,2.333,0.833,0.0
2008-07-09,919.318,191.724,240.32957,2.7752776,951.0,499.0,7352.0,6519.967,38.017,5.5,2.333,0.833,0.0
2008-07-10,1251.276,240.242,239.86775,3.7434723,982.0,552.0,8186.0,11134.6,38.017,5.5,2.333,0.833,0.0
2008-07-11,1254.216,251.036,239.5169,3.7822223,724.0,558.0,9251.0,10370.6,38.017,5.5,2.333,0.833,0.0
2008-07-12,1328.852,266.124,240.0593,4.050417,4436.0,2617.0,7231.0,7863.533,38.017,5.5,2.333,0.833,0.0
2008-07-13,1254.634,166.908,240.28969,3.7666667,1671.0,3164.0,7056.0,9019.566,38.017,5.5,2.333,0.833,0.0
2008-07-14,1137.926,209.668,240.49419,3.4316669,2564.0,1995.0,6436.0,7970.433,38.017,5.5,2.333,0.833,0.0
2008-07-15,1155.86,190.936,239.78145,3.4356945,968.0,552.0,8585.0,9159.333,38.017,5.5,2.333,0.833,0.0
2008-07-16,1077.062,206.462,240.59338,3.2368054,1537.0,2799.0,4978.0,8637.033,38.017,5.5,2.333,0.833,0.0
2008-07-17,1319.122,239.506,239.91704,4.0266666,1122.0,723.0,8280.0,11860.366,38.017,5.5,2.333,0.833,0.0
2008-07-18,1261.584,195.606,239.5772,3.7369447,1143.0,552.0,9260.0,10071.4,38.017,5.5,2.333,0.833,0.0
2008-07-19,1344.014,208.03,239.15112,4.019722,2941.0,3146.0,7676.0,8637.233,38.017,5.5,2.333,0.833,0.0
2008-07-20,941.534,172.576,239.7777,2.8363888,1943.0,1076.0,5457.0,7216.2334,38.017,5.5,2.333,0.833,0.0
2008-07-21,1156.478,172.45,239.1017,3.4820836,1698.0,431.0,9189.0,7956.6333,38.017,5.5,2.333,0.833,0.0
2008-07-22,740.242,161.128,239.67032,2.272639,0.0,430.0,4886.0,7021.3667,38.017,5.5,2.333,0.833,0.0
2008-07-23,942.63,162.392,240.09612,2.8494446,1233.0,454.0,6325.0,7698.5,38.017,5.5,2.333,0.833,0.0
2008-07-24,1093.45,185.882,239.88377,3.2215278,837.0,476.0,8344.0,8567.167,38.017,5.5,2.333,0.833,0.0
2008-07-25,865.534,182.714,239.0572,2.6183333,1168.0,492.0,6731.0,6034.567,38.017,5.5,2.333,0.833,0.0
2008-07-26,815.684,213.318,240.02869,2.4944444,0.0,948.0,6243.0,6403.7334,38.017,5.5,2.333,0.833,0.0
2008-07-27,1147.396,233.138,238.47116,3.5125,1063.0,858.0,8385.0,8817.267,38.017,5.5,2.333,0.833,0.0
2008-07-28,825.804,198.514,239.99368,2.5743055,0.0,509.0,5963.0,7291.4,38.017,5.5,2.333,0.833,0.0
2008-07-29,1166.558,208.384,240.24887,3.6408331,1571.0,530.0,5802.0,11539.634,38.017,5.5,2.333,0.833,0.0
2008-07-30,1299.908,227.536,239.08559,4.065139,2548.0,773.0,6278.0,12066.134,38.017,5.5,2.333,0.833,0.0
2008-07-31,1392.6381,243.476,240.09569,4.2318053,1533.0,2808.0,7588.0,11281.634,38.017,5.5,2.333,0.833,0.0
2008-08-01,739.576,252.704,239.80545,2.3279166,586.0,1150.0,5091.0,5499.2666,64.28,6.4,3.0,1.8,0.0
2008-08-02,505.776,178.294,239.12874,1.5879167,0.0,504.0,3803.0,4122.6,64.28,6.4,3.0,1.8,0.0
2008-08-03,504.782,166.052,237.05443,1.5766666,0.0,499.0,3926.0,3988.0332,64.28,6.4,3.0,1.8,0.0
2008-08-04,1126.528,193.822,237.86328,3.4168057,596.0,4677.0,4411.0,9091.467,64.28,6.4,3.0,1.8,0.0
2008-08-05,827.118,180.248,238.73647,2.5059724,635.0,509.0,7118.0,5523.3,64.28,6.4,3.0,1.8,0.0
2008-08-06,326.112,214.504,240.56583,1.0904167,0.0,513.0,2215.0,2707.2,64.28,6.4,3.0,1.8,0.0
2008-08-07,334.884,214.94,239.31233,1.1206945,0.0,526.0,2357.0,2698.4,64.28,6.4,3.0,1.8,0.0
2008-08-08,302.2,196.448,239.45653,1.0055555,0.0,481.0,1980.0,2575.6667,64.28,6.4,3.0,1.8,0.0
2008-08-09,358.924,199.99,240.71046,1.1602778,0.0,489.0,1902.0,3591.0667,64.28,6.4,3.0,1.8,0.0
2008-08-10,352.032,189.106,240.2649,1.1225001,0.0,464.0,1905.0,3498.2,64.28,6.4,3.0,1.8,0.0
2008-08-11,371.91602,187.62,240.71832,1.1706945,0.0,489.0,1880.0,3829.6,64.28,6.4,3.0,1.8,0.0
2008-08-12,288.984,187.042,240.04828,0.9534722,0.0,462.0,1844.0,2510.4,64.28,6.4,3.0,1.8,0.0
2008-08-13,282.584,183.836,240.8715,0.9315278,0.0,451.0,1789.0,2469.7334,64.28,6.4,3.0,1.8,0.0
2008-08-14,270.258,177.966,241.14088,0.885,0.0,441.0,1641.0,2422.3,64.28,6.4,3.0,1.8,0.0
2008-08-15,273.654,178.178,241.15816,0.8959722,0.0,439.0,1691.0,2430.9,64.28,6.4,3.0,1.8,0.0
2008-08-16,274.814,181.678,242.09535,0.8994444,0.0,442.0,1688.0,2450.2334,64.28,6.4,3.0,1.8,0.0
2008-08-17,274.796,179.516,241.18344,0.8977778,0.0,445.0,1710.0,2424.9333,64.28,6.4,3.0,1.8,0.0
2008-08-18,273.758,178.098,241.35583,0.8943056,0.0,440.0,1719.0,2403.6333,64.28,6.4,3.0,1.8,0.0
2008-08-19,274.692,180.622,240.89473,0.90333337,0.0,442.0,1697.0,2439.2,64.28,6.4,3.0,1.8,0.0
2008-08-20,268.47202,178.064,241.5437,0.8833333,0.0,437.0,1626.0,2411.5334,64.28,6.4,3.0,1.8,0.0
2008-08-21,261.298,168.972,240.29565,0.8497222,0.0,432.0,1577.0,2345.9668,64.28,6.4,3.0,1.8,0.0
2008-08-22,267.124,174.654,240.88225,0.87208337,0.0,438.0,1614.0,2400.0667,64.28,6.4,3.0,1.8,0.0
2008-08-23,254.642,169.422,242.14267,0.8308334,0.0,419.0,1485.0,2340.0334,64.28,6.4,3.0,1.8,0.0
2008-08-24,254.716,163.91,241.61342,0.8263889,0.0,404.0,1523.0,2318.2666,64.28,6.4,3.0,1.8,0.0
2008-08-25,250.298,163.87,241.47398,0.80833334,0.0,422.0,1436.0,2313.6333,64.28,6.4,3.0,1.8,0.0
2008-08-26,257.564,166.566,241.11955,0.8372222,0.0,420.0,1533.0,2339.7334,64.28,6.4,3.0,1.8,0.0
2008-08-27,258.114,165.872,240.57648,0.8331945,0.0,399.0,1539.0,2363.9001,64.28,6.4,3.0,1.8,0.0
2008-08-28,268.246,174.098,240.54265,0.875,0.0,432.0,1631.0,2407.7666,64.28,6.4,3.0,1.8,0.0
2008-08-29,267.588,171.186,240.33546,0.875,0.0,430.0,1599.0,2430.8,64.28,6.4,3.0,1.8,0.0
2008-08-30,270.424,177.552,240.51399,0.88624996,0.0,435.0,1619.0,2453.0667,64.28,6.4,3.0,1.8,0.0
2008-08-31,1502.532,210.418,240.01805,4.452778,2056.0,3733.0,12136.0,7117.2,64.28,6.4,3.0,1.8,0.0
2008-09-01,1247.51,184.48601,239.91591,3.7324998,950.0,521.0,10183.0,9137.833,22.7,6.2,1.0,0.6,0.0
2008-09-02,1384.154,224.634,239.32896,4.1415277,4273.0,1206.0,6648.0,10942.233,22.7,6.2,1.0,0.6,0.0
2008-09-03,1388.486,179.288,240.02945,4.118611,1326.0,1902.0,10213.0,9700.434,22.7,6.2,1.0,0.6,0.0
2008-09-04,1225.22,151.872,238.6635,3.654722,2225.0,404.0,9408.0,8383.333,22.7,6.2,1.0,0.6,0.0
2008-09-05,873.96,147.23601,239.59058,2.6055555,379.0,431.0,6943.0,6813.0,22.7,6.2,1.0,0.6,0.0
2008-09-06,1868.574,238.292,239.33978,5.5244446,2948.0,6500.0,13400.0,8294.9,22.7,6.2,1.0,0.6,0.0
2008-09-07,1372.656,176.444,240.5887,4.0808334,3612.0,1707.0,5976.0,11582.6,22.7,6.2,1.0,0.6,0.0
2008-09-08,1309.324,160.574,241.38184,3.8533332,747.0,2293.0,9559.0,9223.066,22.7,6.2,1.0,0.6,0.0
2008-09-09,1159.654,180.67,239.78166,3.4644444,236.0,453.0,7728.0,10910.566,22.7,6.2,1.0,0.6,0.0
2008-09-10,1300.764,166.43001,239.48058,3.8574998,1009.0,399.0,10281.0,9990.4,22.7,6.2,1.0,0.6,0.0
2008-09-11,1028.714,192.038,239.09981,3.080278,1005.0,417.0,7644.0,8079.2334,22.7,6.2,1.0,0.6,0.0
2008-09-12,1392.762,178.298,239.96832,4.1445837,1867.0,402.0,8738.0,12205.7,22.7,6.2,1.0,0.6,0.0
2008-09-13,1631.436,186.192,240.12454,4.820139,930.0,5433.0,11807.0,9020.6,22.7,6.2,1.0,0.6,0.0
2008-09-14,1576.326,193.746,239.88898,4.735,4673.0,445.0,6538.0,14616.1,22.7,6.2,1.0,0.6,0.0
2008-09-15,1697.708,136.118,240.2559,5.0718055,960.0,364.0,10322.0,16649.133,22.7,6.2,1.0,0.6,0.0
2008-09-16,1221.862,156.06,240.94875,3.6193054,0.0,368.0,8249.0,11747.366,22.7,6.2,1.0,0.6,0.0
2008-09-17,1519.21,177.168,240.65668,4.4897223,1910.0,3727.0,9371.0,10312.167,22.7,6.2,1.0,0.6,0.0
2008-09-18,1505.29,189.376,240.32715,4.4473615,4202.0,357.0,7991.0,12538.167,22.7,6.2,1.0,0.6,0.0
2008-09-19,1518.846,166.768,240.35712,4.4787498,1569.0,351.0,12367.0,11027.1,22.7,6.2,1.0,0.6,0.0
2008-09-20,1304.6,156.204,240.59412,3.8055556,0.0,370.0,12477.0,8896.333,22.7,6.2,1.0,0.6,0.0
2008-09-21,1533.07,206.262,240.94017,4.5602775,4010.0,2381.0,8347.0,10813.167,22.7,6.2,1.0,0.6,0.0
2008-09-22,1358.564,151.524,240.20915,4.012639,1014.0,2448.0,10227.0,8953.733,22.7,6.2,1.0,0.6,0.0
2008-09-23,1232.788,165.128,240.18335,3.684167,0.0,2168.0,7920.0,10458.467,22.7,6.2,1.0,0.6,0.0
2008-09-24,1718.35,173.472,240.12578,5.0316668,2019.0,4730.0,10548.0,11342.167,22.7,6.2,1.0,0.6,0.0
2008-09-25,1131.22,173.77,240.29031,3.34375,1012.0,751.0,8485.0,8605.667,22.7,6.2,1.0,0.6,0.0
2008-09-26,1431.45,211.572,240.39362,4.2395835,1221.0,370.0,10890.0,11376.5,22.7,6.2,1.0,0.6,0.0
2008-09-27,2127.446,257.04,240.14648,6.258611,4347.0,2584.0,12688.0,15838.434,22.7,6.2,1.0,0.6,0.0
2008-09-28,1731.104,163.968,240.27841,5.079583,1920.0,385.0,11242.0,15304.733,22.7,6.2,1.0,0.6,0.0
2008-09-29,1501.738,199.432,240.26402,4.4094443,1014.0,363.0,10677.0,12974.967,22.7,6.2,1.0,0.6,0.0
2008-09-30,1375.006,155.092,240.58377,4.024722,998.0,360.0,7415.0,14143.767,22.7,6.2,1.0,0.6,0.0
2008-10-01,1872.364,181.256,241.1286,5.4820833,2249.0,5800.0,10808.0,12349.066,65.82,11.6,4.6,2.2,0.0
2008-10-02,1345.342,153.676,240.32823,3.948611,0.0,367.0,9060.0,12995.367,65.82,11.6,4.6,2.2,0.0
2008-10-03,1612.58,158.598,239.84201,4.745694,4801.0,349.0,9432.0,12294.333,65.82,11.6,4.6,2.2,0.0
2008-10-04,2100.496,216.2,240.1744,6.1448607,3462.0,629.0,12573.0,18344.268,65.82,11.6,4.6,2.2,0.0
2008-10-05,1549.95,146.296,240.13754,4.534167,990.0,3257.0,6071.0,15514.5,65.82,11.6,4.6,2.2,0.0
2008-10-06,1423.782,125.204,239.11908,4.216389,990.0,286.0,9562.0,12891.7,65.82,11.6,4.6,2.2,0.0
2008-10-07,1726.568,187.234,238.85286,5.1661115,1016.0,419.0,9476.0,17865.133,65.82,11.6,4.6,2.2,0.0
2008-10-08,1860.576,152.41,240.04903,5.43125,1044.0,5126.0,11650.0,13189.6,65.82,11.6,4.6,2.2,0.0
2008-10-09,1983.682,181.9,239.27544,5.812361,1032.0,3064.0,11652.0,17313.367,65.82,11.6,4.6,2.2,0.0
2008-10-10,1518.338,148.044,239.63486,4.4368057,0.0,389.0,12046.0,12870.634,65.82,11.6,4.6,2.2,0.0
2008-10-11,1669.386,154.848,239.18262,4.9059725,2144.0,2335.0,11373.0,11971.1,65.82,11.6,4.6,2.2,0.0
2008-10-12,1907.94,161.806,240.15154,5.6151385,2561.0,5822.0,7171.0,16245.0,65.82,11.6,4.6,2.2,0.0
2008-10-13,1461.976,147.894,240.80942,4.254306,1037.0,535.0,9483.0,13311.267,65.82,11.6,4.6,2.2,0.0
2008-10-14,1609.056,164.286,239.21573,4.730139,1177.0,442.0,9939.0,15259.6,65.82,11.6,4.6,2.2,0.0
2008-10-15,2156.896,168.462,239.50679,6.328194,1998.0,7042.0,9984.0,16924.268,65.82,11.6,4.6,2.2,0.0
2008-10-16,1583.68,136.84,239.26285,4.66125,951.0,429.0,8438.0,16576.666,65.82,11.6,4.6,2.2,0.0
2008-10-17,1866.886,153.522,240.04764,5.4758334,2036.0,3187.0,9639.0,16252.767,65.82,11.6,4.6,2.2,0.0
2008-10-18,2239.19,162.628,239.83543,6.5470834,799.0,1655.0,12146.0,22719.834,65.82,11.6,4.6,2.2,0.0
2008-10-19,1971.934,181.596,240.04256,5.8052773,698.0,8010.0,4600.0,19557.566,65.82,11.6,4.6,2.2,0.0
2008-10-20,1667.554,137.812,240.43248,4.8602777,844.0,2648.0,10475.0,13825.566,65.82,11.6,4.6,2.2,0.0
2008-10-21,2063.716,152.344,239.73068,6.0808334,857.0,2663.0,11331.0,19544.268,65.82,11.6,4.6,2.2,0.0
2008-10-22,1646.01,149.344,240.81575,4.8369446,662.0,2542.0,8487.0,15742.5,65.82,11.6,4.6,2.2,0.0
2008-10-23,1830.494,161.20801,240.39905,5.3745832,815.0,1435.0,10587.0,17671.232,65.82,11.6,4.6,2.2,0.0
2008-10-24,2133.226,168.014,240.4137,6.266945,7893.0,2277.0,10284.0,15099.767,65.82,11.6,4.6,2.2,0.0
2008-10-25,1596.428,125.256004,240.9227,4.63375,737.0,480.0,14164.0,11226.133,65.82,11.6,4.6,2.2,0.0
2008-10-26,523.492,115.53,242.12346,1.4991667,0.0,360.0,2013.0,6351.8667,65.82,11.6,4.6,2.2,0.0
2008-10-27,523.892,128.978,242.22806,1.5091666,0.0,402.0,1967.0,6362.533,65.82,11.6,4.6,2.2,0.0
2008-10-28,1327.29,145.076,241.3268,3.8531945,2263.0,362.0,5090.0,14406.5,65.82,11.6,4.6,2.2,0.0
2008-10-29,1612.576,133.282,241.78961,4.6043057,1037.0,345.0,4015.0,21479.268,65.82,11.6,4.6,2.2,0.0
2008-10-30,1098.6,123.028,242.08328,3.2733333,0.0,345.0,2619.0,15346.0,65.82,11.6,4.6,2.2,0.0
2008-10-31,1285.832,104.348,241.32977,3.766389,0.0,312.0,10483.0,10635.533,65.82,11.6,4.6,2.2,0.0
2008-11-01,830.498,113.672,241.81024,2.6256945,0.0,344.0,1939.0,11558.633,55.78,14.2,4.2,0.2,0.4
2008-11-02,910.614,120.472,242.15575,2.864028,0.0,346.0,2824.0,12006.9,55.78,14.2,4.2,0.2,0.4
2008-11-03,847.6,115.248,241.76512,2.665,963.0,347.0,1892.0,10924.667,55.78,14.2,4.2,0.2,0.4
2008-11-04,1562.316,121.476,240.80246,4.652361,0.0,6214.0,4106.0,15718.6,55.78,14.2,4.2,0.2,0.4
2008-11-05,3134.93,257.82,239.48077,9.239167,7597.0,10409.0,8362.0,25880.834,55.78,14.2,4.2,0.2,0.4
2008-11-06,1588.438,181.468,240.39021,4.7266665,1033.0,430.0,6734.0,18276.967,55.78,14.2,4.2,0.2,0.4
2008-11-07,1619.184,109.988,239.75179,4.7545834,1032.0,389.0,10421.0,15144.4,55.78,14.2,4.2,0.2,0.4
2008-11-08,1733.138,133.168,239.30803,5.104722,1114.0,3271.0,6069.0,18431.633,55.78,14.2,4.2,0.2,0.4
2008-11-09,2578.538,210.946,238.45409,7.620972,6301.0,661.0,14348.0,21665.633,55.78,14.2,4.2,0.2,0.4
2008-11-10,2112.904,156.726,239.62982,6.2143054,1023.0,355.0,10387.0,23450.066,55.78,14.2,4.2,0.2,0.4
2008-11-11,2455.95,128.08,239.8787,7.1833334,2475.0,2288.0,14651.0,21518.5,55.78,14.2,4.2,0.2,0.4
2008-11-12,2190.286,159.172,240.38655,6.3512497,1066.0,2752.0,9430.0,23256.768,55.78,14.2,4.2,0.2,0.4
2008-11-13,1238.46,125.424,241.59792,3.6272223,0.0,338.0,6315.0,13988.0,55.78,14.2,4.2,0.2,0.4
2008-11-14,1621.738,127.894,241.0218,4.7555556,2092.0,325.0,9929.0,14682.967,55.78,14.2,4.2,0.2,0.4
2008-11-15,3031.628,165.16,238.63411,8.963195,3952.0,3799.0,15635.0,27141.133,55.78,14.2,4.2,0.2,0.4
2008-11-16,2365.432,163.13,240.49414,6.9190283,4791.0,1829.0,8945.0,23858.867,55.78,14.2,4.2,0.2,0.4
2008-11-17,1523.636,118.874,241.13493,4.412083,0.0,378.0,10590.0,14425.934,55.78,14.2,4.2,0.2,0.4
2008-11-18,1749.05,139.282,239.90204,5.1418056,1079.0,369.0,11204.0,16498.834,55.78,14.2,4.2,0.2,0.4
2008-11-19,1840.238,166.452,240.53963,5.4129167,1737.0,3026.0,8704.0,17203.633,55.78,14.2,4.2,0.2,0.4
2008-11-20,1692.336,121.192,239.81812,4.9844446,1034.0,347.0,7732.0,19092.6,55.78,14.2,4.2,0.2,0.4
2008-11-21,1673.93,127.554,239.92834,4.946528,1039.0,348.0,10396.0,16115.833,55.78,14.2,4.2,0.2,0.4
2008-11-22,1711.368,124.868004,239.73181,5.0495834,1093.0,882.0,8320.0,18227.8,55.78,14.2,4.2,0.2,0.4
2008-11-23,3406.78,207.018,239.15097,10.048333,3631.0,8823.0,10290.0,34035.668,55.78,14.2,4.2,0.2,0.4
2008-11-24,3212.998,121.618004,240.35948,9.285417,1063.0,510.0,13378.0,38598.965,55.78,14.2,4.2,0.2,0.4
2008-11-25,2702.85,150.564,240.9306,7.8238893,3010.0,345.0,10471.0,31221.5,55.78,14.2,4.2,0.2,0.4
2008-11-26,1515.954,119.996,242.4009,4.356389,909.0,304.0,10002.0,14050.9,55.78,14.2,4.2,0.2,0.4
2008-11-27,2362.218,126.218,241.44002,6.841111,2491.0,330.0,12440.0,24109.3,55.78,14.2,4.2,0.2,0.4
2008-11-28,1885.964,128.426,243.06651,5.409583,1113.0,295.0,11361.0,18663.732,55.78,14.2,4.2,0.2,0.4
2008-11-29,2434.668,166.51,241.24075,7.0536113,5268.0,2392.0,12386.0,20531.8,55.78,14.2,4.2,0.2,0.4
2008-11-30,2401.388,170.904,242.37457,6.9555554,1161.0,3481.0,11474.0,23907.133,55.78,14.2,4.2,0.2,0.4
2008-12-01,1616.538,118.678,243.44583,4.7584724,1085.0,309.0,9013.0,16535.3,33.24,9.0,1.6,0.0,0.2
2008-12-02,1793.444,145.908,243.37936,5.215139,0.0,304.0,11343.0,18243.732,33.24,9.0,1.6,0.0,0.2
2008-12-03,1755.164,124.722,243.38373,5.0695834,1137.0,302.0,9664.0,18149.732,33.24,9.0,1.6,0.0,0.2
2008-12-04,1738.638,113.99,243.46313,5.0237503,1085.0,281.0,11314.0,16297.3,33.24,9.0,1.6,0.0,0.2
2008-12-05,2058.618,120.026,242.9759,5.967639,831.0,310.0,9852.0,23317.3,33.24,9.0,1.6,0.0,0.2
2008-12-06,2523.836,188.144,241.13657,7.358333,4005.0,5749.0,9048.0,23261.934,33.24,9.0,1.6,0.0,0.2
2008-12-07,2466.74,180.224,242.23854,7.157361,3294.0,310.0,13627.0,23881.334,33.24,9.0,1.6,0.0,0.2
2008-12-08,1868.636,120.782,243.73161,5.3831944,1117.0,296.0,13256.0,16474.934,33.24,9.0,1.6,0.0,0.2
2008-12-09,2003.144,132.516,243.55565,5.757639,1985.0,2553.0,12886.0,15961.733,33.24,9.0,1.6,0.0,0.2
2008-12-10,2233.66,146.106,243.45172,6.409861,1128.0,4144.0,12149.0,19806.666,33.24,9.0,1.6,0.0,0.2
2008-12-11,1432.522,114.916,243.41837,4.1219444,1160.0,273.0,7979.0,14463.366,33.24,9.0,1.6,0.0,0.2
2008-12-12,1815.534,139.342,243.04301,5.221667,1157.0,255.0,12154.0,16692.9,33.24,9.0,1.6,0.0,0.2
2008-12-13,1825.574,163.278,241.53854,5.3218055,2186.0,261.0,9271.0,18708.232,33.24,9.0,1.6,0.0,0.2
2008-12-14,2002.12,164.014,241.6228,5.881528,3742.0,2497.0,5415.0,21714.666,33.24,9.0,1.6,0.0,0.2
2008-12-15,1795.45,113.744,243.0392,5.1909723,1178.0,252.0,9668.0,18826.166,33.24,9.0,1.6,0.0,0.2
2008-12-16,1797.09,114.598,243.8799,5.192639,0.0,253.0,11334.0,18364.5,33.24,9.0,1.6,0.0,0.2
2008-12-17,2098.786,136.216,243.31352,6.0802774,4251.0,284.0,10813.0,19631.768,33.24,9.0,1.6,0.0,0.2
2008-12-18,1736.94,118.07,242.85907,4.9893055,1125.0,258.0,11293.0,16273.0,33.24,9.0,1.6,0.0,0.2
2008-12-19,1882.112,132.154,241.86617,5.480139,1538.0,296.0,11773.0,17761.533,33.24,9.0,1.6,0.0,0.2
2008-12-20,2244.142,160.838,242.56511,6.5,1134.0,6479.0,12837.0,16952.367,33.24,9.0,1.6,0.0,0.2
2008-12-21,2643.61,135.072,241.72008,7.662639,1099.0,9189.0,14816.0,18956.166,33.24,9.0,1.6,0.0,0.2
2008-12-22,2015.808,124.87,241.8645,5.8570833,2157.0,391.0,10433.0,20615.8,33.24,9.0,1.6,0.0,0.2
2008-12-23,1798.088,151.08,241.77055,5.2506943,2666.0,2115.0,8326.0,16861.133,33.24,9.0,1.6,0.0,0.2
2008-12-24,1269.6381,115.318,243.96063,3.633611,0.0,364.0,9981.0,10815.634,33.24,9.0,1.6,0.0,0.2
2008-12-25,1061.118,116.882,243.23308,3.0386112,0.0,285.0,3598.0,13802.3,33.24,9.0,1.6,0.0,0.2
2008-12-26,1223.732,124.222,244.35367,3.5006945,1121.0,279.0,7796.0,11199.533,33.24,9.0,1.6,0.0,0.2
2008-12-27,2972.164,118.132,243.31189,8.431806,0.0,244.0,12209.0,37083.066,33.24,9.0,1.6,0.0,0.2
2008-12-28,1570.642,112.248,244.56038,4.42,1953.0,217.0,5291.0,18716.367,33.24,9.0,1.6,0.0,0.2
2008-12-29,555.278,91.638,244.95476,1.578889,0.0,218.0,2480.0,6556.6333,33.24,9.0,1.6,0.0,0.2
2008-12-30,1195.238,113.206,244.63817,3.4018056,0.0,245.0,7145.0,12530.634,33.24,9.0,1.6,0.0,0.2
2008-12-31,1964.188,129.272,243.29662,5.687639,2975.0,246.0,11860.0,17655.467,33.24,9.0,1.6,0.0,0.2
